,cod_worker,cod_job
0,0,9
1,1,6
2,2,6
3,3,7
4,4,7
5,5,6
6,6,6
7,7,6
8,8,7
9,9,6
10,10,7
11,11,6
12,12,7
13,13,7
14,14,6
15,15,7
16,16,7
17,17,6
18,18,7
19,19,6
20,20,7
21,21,7
22,22,6
23,23,7
24,24,7
25,25,7
26,26,6
27,27,6
28,28,7
29,29,7
30,30,7
31,31,6
32,32,7
33,33,7
34,34,6
35,35,7
36,36,7
37,37,7
38,38,7
39,39,6
40,40,6
41,41,6
42,42,7
43,43,7
44,44,403
45,45,499
46,46,737
47,47,474
48,48,186
49,49,474
50,50,499
51,51,7
52,52,474
53,53,499
54,54,403
55,55,530
56,56,603
57,57,6
58,58,172
59,59,302
60,59,474
61,60,457
62,61,369
63,62,369
64,63,708
65,64,403
66,65,499
67,66,499
68,67,177
69,68,715
70,69,473
71,70,346
72,71,51
73,72,403
74,73,499
75,74,604
76,75,604
77,76,220
78,77,403
79,78,403
80,79,737
81,80,526
82,81,7
83,82,52
84,83,499
85,84,182
86,85,403
87,86,6
88,87,403
89,88,302
90,89,219
91,90,474
92,91,499
93,92,213
94,93,388
95,93,310
96,93,383
97,93,314
98,93,346
99,93,725
100,94,393
101,95,403
102,96,403
103,96,391
104,97,346
105,98,499
106,99,403
107,100,605
108,101,499
109,102,505
110,103,423
111,104,287
112,104,613
113,105,474
114,106,237
115,107,137
116,108,1
117,109,302
118,110,373
119,110,369
120,111,7
121,112,738
122,113,533
123,114,58
124,115,283
125,116,692
126,117,403
127,118,369
128,119,731
129,119,725
130,120,403
131,121,403
132,122,369
133,123,242
134,123,239
135,124,534
136,125,740
137,125,738
138,126,474
139,127,369
140,128,499
141,129,499
142,130,1
143,131,502
144,132,403
145,133,369
146,134,499
147,134,404
148,135,738
149,136,403
150,137,739
151,138,515
152,139,237
153,140,503
154,141,499
155,142,499
156,143,499
157,143,237
158,144,499
159,145,369
160,145,403
161,146,403
162,147,7
163,148,346
164,149,239
165,149,476
166,150,403
167,151,499
168,152,473
169,153,216
170,154,7
171,155,654
172,155,474
173,155,535
174,155,608
175,156,740
176,157,474
177,158,499
178,159,499
179,160,499
180,161,499
181,162,237
182,163,737
183,164,474
184,165,346
185,166,346
186,167,499
187,168,346
188,169,499
189,170,190
190,171,473
191,172,237
192,173,537
193,174,575
194,175,500
195,176,216
196,177,499
197,178,220
198,179,474
199,180,464
200,181,403
201,182,397
202,183,459
203,184,302
204,184,474
205,185,403
206,186,403
207,186,499
208,187,237
209,188,403
210,189,403
211,190,295
212,191,474
213,192,740
214,193,490
215,193,239
216,194,509
217,195,237
218,196,366
219,197,7
220,198,603
221,199,57
222,200,403
223,201,740
224,201,737
225,202,737
226,203,210
227,204,7
228,205,7
229,206,474
230,206,499
231,207,512
232,208,473
233,209,369
234,210,403
235,210,499
236,211,499
237,212,213
238,213,474
239,214,403
240,215,235
241,216,237
242,217,738
243,217,740
244,218,346
245,219,403
246,220,654
247,221,531
248,222,7
249,223,183
250,224,609
251,225,14
252,226,1
253,227,740
254,228,499
255,229,530
256,230,220
257,231,7
258,232,7
259,233,7
260,234,181
261,235,403
262,236,29
263,237,220
264,238,403
265,239,739
266,240,403
267,241,207
268,242,695
269,243,473
270,244,669
271,245,328
272,245,456
273,246,448
274,246,453
275,247,403
276,248,295
277,249,346
278,250,369
279,251,239
280,252,346
281,253,499
282,254,474
283,255,413
284,256,237
285,257,403
286,258,499
287,259,474
288,260,499
289,261,403
290,262,603
291,263,499
292,263,474
293,263,403
294,264,403
295,265,474
296,265,52
297,265,499
298,266,499
299,267,505
300,268,739
301,269,9
302,270,5
303,271,403
304,271,474
305,272,326
306,273,383
307,274,474
308,275,302
309,276,499
310,277,424
311,278,474
312,279,740
313,280,413
314,281,141
315,282,403
316,282,474
317,283,499
318,284,530
319,285,387
320,286,216
321,287,220
322,288,7
323,289,7
324,290,403
325,291,243
326,292,7
327,293,663
328,294,499
329,295,37
330,296,737
331,297,6
332,298,639
333,299,639
334,300,7
335,301,403
336,302,403
337,303,499
338,304,474
339,305,365
340,306,603
341,306,403
342,306,499
343,307,474
344,307,542
345,307,619
346,307,499
347,307,601
348,308,499
349,309,6
350,310,7
351,311,613
352,312,712
353,313,189
354,314,499
355,315,675
356,316,346
357,316,474
358,317,499
359,318,505
360,319,499
361,320,403
362,321,499
363,322,369
364,322,474
365,323,499
366,324,403
367,325,138
368,326,499
369,327,740
370,328,603
371,329,682
372,330,1
373,331,499
374,331,474
375,332,499
376,333,220
377,334,7
378,335,369
379,336,403
380,337,547
381,338,473
382,339,740
383,340,346
384,341,237
385,342,499
386,342,294
387,343,499
388,344,403
389,345,674
390,346,523
391,347,530
392,347,245
393,348,346
394,348,403
395,349,6
396,350,6
397,351,1
398,352,7
399,353,7
400,354,739
401,355,424
402,355,445
403,356,603
404,357,603
405,358,403
406,359,403
407,360,423
408,361,474
409,362,616
410,362,635
411,362,726
412,362,474
413,363,616
414,364,738
415,365,403
416,366,499
417,367,499
418,368,346
419,369,1
420,370,508
421,370,499
422,371,474
423,372,649
424,372,640
425,373,104
426,374,530
427,375,474
428,376,403
429,377,109
430,377,280
431,378,1
432,379,167
433,379,171
434,380,60
435,381,733
436,382,568
437,383,346
438,384,403
439,385,474
440,386,499
441,387,403
442,388,403
443,389,499
444,390,499
445,391,474
446,392,422
447,392,239
448,392,496
449,393,346
450,394,617
451,395,603
452,396,1
453,397,125
454,397,246
455,397,474
456,398,1
457,399,403
458,400,290
459,401,346
460,402,499
461,403,540
462,404,1
463,405,346
464,406,626
465,407,499
466,408,44
467,409,403
468,410,474
469,411,411
470,412,61
471,412,60
472,413,237
473,414,37
474,414,40
475,415,618
476,416,416
477,416,403
478,417,403
479,418,474
480,419,474
481,420,403
482,421,7
483,422,425
484,422,424
485,422,443
486,422,417
487,422,723
488,422,427
489,422,435
490,423,474
491,424,737
492,425,738
493,426,403
494,427,694
495,428,474
496,429,499
497,430,541
498,431,499
499,432,403
500,433,474
501,434,403
502,435,499
503,436,499
504,437,6
505,438,6
506,439,499
507,440,426
508,441,499
509,442,603
510,443,346
511,443,350
512,444,295
513,445,237
514,446,621
515,446,706
516,447,372
517,448,403
518,449,499
519,450,603
520,451,346
521,452,530
522,453,474
523,454,499
524,455,403
525,456,48
526,457,403
527,458,474
528,459,346
529,460,403
530,461,499
531,462,499
532,463,623
533,464,448
534,465,474
535,466,474
536,467,709
537,468,499
538,469,499
539,470,499
540,471,740
541,472,346
542,473,529
543,473,237
544,474,247
545,475,403
546,476,499
547,477,346
548,478,346
549,479,403
550,480,237
551,481,543
552,482,499
553,483,639
554,484,740
555,485,379
556,486,474
557,487,499
558,488,499
559,489,198
560,490,346
561,491,467
562,492,737
563,493,538
564,494,51
565,495,544
566,496,324
567,496,332
568,497,388
569,498,622
570,499,499
571,500,1
572,501,346
573,502,740
574,503,684
575,504,0
576,505,474
577,506,1
578,507,53
579,508,474
580,509,403
581,510,499
582,511,403
583,512,499
584,513,149
585,514,474
586,515,403
587,516,474
588,517,293
589,518,474
590,519,636
591,520,235
592,520,474
593,521,0
594,522,7
595,523,499
596,524,288
597,524,474
598,525,499
599,526,499
600,526,120
601,527,288
602,528,474
603,529,666
604,530,499
605,531,737
606,532,396
607,532,403
608,533,740
609,534,740
610,535,740
611,536,474
612,537,403
613,538,221
614,539,499
615,540,499
616,541,220
617,542,403
618,543,403
619,543,369
620,544,346
621,545,499
622,546,214
623,547,196
624,548,474
625,549,403
626,550,346
627,551,403
628,552,499
629,552,227
630,552,222
631,552,474
632,552,223
633,553,545
634,554,148
635,555,244
636,556,474
637,557,466
638,558,369
639,558,403
640,559,6
641,560,346
642,561,467
643,562,6
644,562,499
645,563,6
646,564,739
647,565,530
648,566,518
649,567,624
650,568,403
651,569,403
652,570,403
653,571,403
654,572,346
655,573,403
656,574,380
657,575,499
658,576,207
659,577,123
660,578,1
661,579,1
662,580,346
663,581,499
664,582,474
665,583,295
666,584,696
667,585,499
668,586,302
669,587,668
670,588,7
671,589,403
672,590,403
673,591,24
674,592,346
675,593,403
676,594,403
677,595,716
678,596,499
679,597,530
680,598,474
681,599,16
682,600,239
683,601,655
684,602,660
685,603,499
686,604,143
687,605,474
688,606,499
689,607,248
690,607,68
691,607,530
692,608,499
693,609,199
694,610,415
695,611,369
696,612,346
697,613,19
698,614,434
699,615,499
700,616,449
701,617,403
702,618,1
703,619,403
704,620,403
705,621,346
706,621,302
707,622,346
708,623,403
709,624,424
710,625,403
711,626,499
712,627,499
713,627,474
714,628,403
715,629,346
716,630,403
717,631,403
718,632,499
719,633,499
720,634,219
721,635,403
722,636,403
723,636,346
724,637,648
725,638,346
726,639,403
727,640,403
728,641,160
729,642,220
730,643,474
731,644,1
732,645,347
733,646,249
734,646,530
735,647,295
736,648,499
737,649,295
738,650,403
739,651,474
740,652,295
741,653,474
742,654,474
743,655,622
744,655,603
745,656,550
746,657,126
747,658,473
748,659,452
749,660,7
750,661,474
751,662,6
752,663,239
753,664,403
754,665,499
755,666,474
756,667,7
757,668,474
758,669,725
759,669,499
760,669,346
761,670,403
762,671,734
763,672,403
764,673,16
765,674,251
766,675,63
767,676,346
768,677,403
769,678,403
770,679,499
771,680,421
772,681,7
773,682,239
774,683,79
775,683,73
776,684,220
777,685,645
778,686,499
779,686,474
780,687,499
781,688,414
782,689,403
783,690,403
784,691,499
785,692,630
786,693,403
787,694,403
788,694,369
789,695,403
790,695,369
791,696,295
792,697,7
793,698,7
794,699,7
795,700,7
796,701,237
797,702,237
798,703,424
799,704,403
800,705,403
801,706,1
802,707,6
803,708,403
804,709,346
805,710,415
806,711,403
807,712,530
808,713,403
809,714,239
810,714,499
811,715,403
812,716,297
813,716,295
814,717,293
815,718,239
816,719,403
817,720,473
818,721,127
819,722,632
820,722,474
821,723,403
822,724,651
823,725,1
824,726,415
825,727,499
826,728,474
827,728,346
828,728,312
829,728,302
830,729,369
831,729,499
832,730,633
833,731,499
834,732,474
835,732,346
836,733,499
837,734,403
838,735,403
839,736,499
840,737,499
841,738,424
842,739,220
843,740,474
844,741,738
845,741,740
846,742,499
847,743,473
848,744,709
849,744,474
850,744,721
851,745,403
852,746,403
853,747,346
854,748,346
855,749,499
856,750,738
857,750,740
858,751,31
859,751,28
860,751,51
861,751,30
862,751,27
863,751,18
864,751,39
865,752,59
866,753,302
867,754,403
868,755,474
869,756,293
870,757,634
871,758,368
872,759,474
873,760,499
874,761,499
875,762,220
876,762,295
877,763,220
878,764,7
879,765,7
880,766,531
881,767,237
882,768,499
883,769,346
884,770,403
885,771,7
886,772,302
887,772,346
888,773,499
889,774,403
890,775,239
891,776,474
892,776,499
893,777,499
894,778,499
895,779,474
896,780,438
897,780,302
898,781,485
899,782,6
900,783,220
901,784,473
902,785,740
903,786,6
904,787,474
905,787,403
906,788,499
907,789,739
908,790,473
909,791,715
910,792,403
911,792,346
912,793,403
913,794,403
914,795,403
915,796,7
916,797,603
917,797,6
918,798,499
919,799,723
920,799,450
921,800,499
922,801,1
923,802,403
924,803,403
925,804,369
926,804,403
927,805,369
928,806,474
929,807,474
930,808,1
931,809,499
932,810,621
933,810,474
934,811,499
935,812,499
936,813,346
937,814,403
938,815,724
939,816,740
940,817,398
941,818,691
942,819,84
943,819,252
944,819,70
945,819,94
946,820,128
947,821,668
948,822,499
949,823,403
950,823,346
951,824,369
952,825,424
953,826,52
954,827,738
955,828,739
956,829,403
957,829,393
958,830,474
959,831,403
960,832,529
961,833,346
962,834,473
963,835,639
964,836,499
965,837,603
966,838,499
967,839,253
968,840,403
969,841,499
970,842,187
971,843,400
972,844,346
973,844,363
974,845,369
975,845,552
976,846,499
977,847,679
978,848,289
979,849,482
980,850,499
981,851,346
982,852,403
983,853,499
984,854,220
985,855,346
986,856,403
987,856,499
988,857,499
989,858,51
990,859,346
991,859,403
992,860,403
993,861,346
994,862,403
995,863,737
996,864,474
997,864,496
998,864,65
999,864,499
1000,865,499
1001,866,640
1002,867,122
1003,867,124
1004,868,499
1005,869,403
1006,870,474
1007,871,7
1008,872,7
1009,873,499
1010,873,682
1011,874,499
1012,874,403
1013,875,527
1014,876,463
1015,877,452
1016,878,463
1017,879,213
1018,880,403
1019,880,369
1020,881,648
1021,881,499
1022,882,1
1023,883,25
1024,884,403
1025,885,403
1026,886,474
1027,887,403
1028,888,346
1029,889,499
1030,890,403
1031,891,499
1032,892,499
1033,893,474
1034,894,500
1035,895,150
1036,896,737
1037,897,346
1038,898,401
1039,899,737
1040,900,738
1041,901,740
1042,902,32
1043,903,216
1044,904,403
1045,905,217
1046,906,115
1047,907,620
1048,908,146
1049,909,583
1050,910,474
1051,911,383
1052,912,403
1053,913,403
1054,914,52
1055,915,7
1056,916,530
1057,917,499
1058,918,346
1059,919,403
1060,920,369
1061,921,241
1062,922,369
1063,923,7
1064,924,660
1065,925,235
1066,926,213
1067,927,346
1068,927,474
1069,928,170
1070,929,346
1071,930,499
1072,931,664
1073,932,403
1074,933,474
1075,934,524
1076,935,499
1077,936,499
1078,937,220
1079,938,403
1080,939,369
1081,940,403
1082,941,346
1083,942,454
1084,943,474
1085,944,293
1086,945,403
1087,946,216
1088,947,510
1089,948,403
1090,949,346
1091,950,7
1092,951,403
1093,952,499
1094,953,403
1095,954,679
1096,955,1
1097,956,473
1098,957,6
1099,958,530
1100,959,403
1101,960,474
1102,961,369
1103,962,474
1104,963,499
1105,964,2
1106,964,220
1107,965,2
1108,966,474
1109,967,499
1110,968,499
1111,969,499
1112,970,608
1113,971,499
1114,972,499
1115,973,474
1116,973,346
1117,974,499
1118,975,530
1119,976,531
1120,977,403
1121,978,499
1122,979,1
1123,980,554
1124,981,638
1125,982,403
1126,983,346
1127,984,474
1128,985,239
1129,986,371
1130,987,237
1131,988,74
1132,989,662
1133,990,737
1134,991,499
1135,992,204
1136,993,563
1137,994,75
1138,994,254
1139,995,474
1140,996,346
1141,997,727
1142,998,627
1143,999,499
1144,1000,474
1145,1000,403
1146,1001,300
1147,1001,5
1148,1001,295
1149,1002,346
1150,1003,474
1151,1004,499
1152,1004,302
1153,1005,403
1154,1006,530
1155,1007,474
1156,1008,403
1157,1009,499
1158,1010,403
1159,1011,737
1160,1012,740
1161,1013,499
1162,1014,293
1163,1015,237
1164,1016,346
1165,1017,403
1166,1018,474
1167,1019,1
1168,1020,403
1169,1021,403
1170,1021,369
1171,1022,499
1172,1023,233
1173,1024,7
1174,1025,293
1175,1026,403
1176,1027,403
1177,1028,1
1178,1029,499
1179,1030,603
1180,1031,403
1181,1032,129
1182,1033,216
1183,1034,481
1184,1035,403
1185,1035,474
1186,1036,306
1187,1036,346
1188,1037,468
1189,1038,474
1190,1039,641
1191,1040,191
1192,1041,197
1193,1042,499
1194,1043,499
1195,1044,346
1196,1045,403
1197,1046,403
1198,1047,499
1199,1048,403
1200,1049,704
1201,1050,346
1202,1051,369
1203,1052,499
1204,1052,403
1205,1053,369
1206,1054,387
1207,1054,295
1208,1055,376
1209,1055,387
1210,1056,369
1211,1057,224
1212,1058,413
1213,1059,413
1214,1060,166
1215,1061,531
1216,1062,474
1217,1063,474
1218,1064,474
1219,1065,499
1220,1066,499
1221,1067,51
1222,1068,474
1223,1069,642
1224,1070,739
1225,1071,352
1226,1072,725
1227,1072,393
1228,1073,393
1229,1074,239
1230,1075,239
1231,1075,262
1232,1076,220
1233,1076,216
1234,1076,530
1235,1077,220
1236,1078,220
1237,1078,413
1238,1079,396
1239,1080,403
1240,1081,499
1241,1082,499
1242,1083,7
1243,1084,643
1244,1085,424
1245,1086,449
1246,1087,403
1247,1088,637
1248,1089,474
1249,1090,644
1250,1091,403
1251,1092,499
1252,1093,737
1253,1094,474
1254,1095,255
1255,1096,369
1256,1097,413
1257,1098,645
1258,1099,647
1259,1100,499
1260,1101,647
1261,1102,403
1262,1103,677
1263,1104,603
1264,1105,403
1265,1106,403
1266,1107,403
1267,1108,240
1268,1109,403
1269,1110,424
1270,1111,346
1271,1112,403
1272,1113,474
1273,1114,499
1274,1115,346
1275,1115,302
1276,1115,403
1277,1116,474
1278,1117,295
1279,1118,474
1280,1119,685
1281,1120,1
1282,1121,740
1283,1122,7
1284,1123,440
1285,1124,474
1286,1125,346
1287,1126,1
1288,1127,141
1289,1128,403
1290,1129,403
1291,1130,1
1292,1131,78
1293,1131,474
1294,1132,474
1295,1133,473
1296,1134,603
1297,1135,603
1298,1136,499
1299,1137,473
1300,1138,220
1301,1139,7
1302,1140,474
1303,1141,530
1304,1142,7
1305,1143,346
1306,1144,577
1307,1145,598
1308,1145,532
1309,1146,499
1310,1147,403
1311,1148,4
1312,1149,474
1313,1150,346
1314,1151,6
1315,1152,499
1316,1153,474
1317,1154,695
1318,1154,207
1319,1155,403
1320,1155,499
1321,1156,403
1322,1156,369
1323,1157,403
1324,1157,369
1325,1158,474
1326,1159,499
1327,1160,648
1328,1161,499
1329,1162,1
1330,1163,6
1331,1164,388
1332,1165,41
1333,1166,737
1334,1167,403
1335,1168,403
1336,1169,737
1337,1170,346
1338,1171,57
1339,1172,740
1340,1173,358
1341,1173,360
1342,1173,499
1343,1173,319
1344,1173,361
1345,1174,499
1346,1175,0
1347,1176,7
1348,1177,200
1349,1178,499
1350,1179,499
1351,1180,192
1352,1181,499
1353,1182,403
1354,1183,474
1355,1184,403
1356,1185,256
1357,1186,635
1358,1187,302
1359,1187,474
1360,1188,369
1361,1189,499
1362,1190,180
1363,1191,740
1364,1192,288
1365,1193,499
1366,1194,403
1367,1195,257
1368,1196,403
1369,1197,403
1370,1198,530
1371,1199,657
1372,1200,403
1373,1201,609
1374,1202,202
1375,1203,530
1376,1204,531
1377,1204,499
1378,1205,302
1379,1205,315
1380,1206,556
1381,1207,57
1382,1208,229
1383,1209,7
1384,1210,346
1385,1211,499
1386,1212,499
1387,1213,250
1388,1214,424
1389,1215,463
1390,1216,470
1391,1217,740
1392,1218,111
1393,1219,329
1394,1220,368
1395,1221,403
1396,1222,106
1397,1223,216
1398,1224,7
1399,1225,7
1400,1226,7
1401,1227,60
1402,1228,7
1403,1229,498
1404,1229,219
1405,1229,474
1406,1230,239
1407,1231,708
1408,1232,474
1409,1233,474
1410,1234,499
1411,1235,474
1412,1236,424
1413,1237,98
1414,1237,492
1415,1238,736
1416,1238,499
1417,1239,323
1418,1240,474
1419,1241,22
1420,1242,346
1421,1243,499
1422,1244,405
1423,1245,403
1424,1246,295
1425,1247,7
1426,1248,499
1427,1249,80
1428,1250,740
1429,1251,67
1430,1251,499
1431,1252,125
1432,1253,474
1433,1254,7
1434,1255,302
1435,1255,346
1436,1256,474
1437,1257,474
1438,1258,235
1439,1259,403
1440,1260,632
1441,1261,293
1442,1261,282
1443,1261,415
1444,1261,474
1445,1262,499
1446,1263,222
1447,1263,474
1448,1264,403
1449,1264,499
1450,1265,740
1451,1265,140
1452,1265,474
1453,1266,607
1454,1267,650
1455,1268,403
1456,1269,216
1457,1269,33
1458,1270,403
1459,1271,530
1460,1272,1
1461,1273,483
1462,1274,81
1463,1275,646
1464,1275,474
1465,1276,118
1466,1276,81
1467,1277,375
1468,1278,474
1469,1279,739
1470,1280,499
1471,1281,474
1472,1282,499
1473,1283,424
1474,1284,448
1475,1285,403
1476,1286,403
1477,1287,369
1478,1288,407
1479,1289,369
1480,1289,499
1481,1289,403
1482,1289,474
1483,1290,401
1484,1291,346
1485,1292,739
1486,1293,474
1487,1294,499
1488,1295,499
1489,1296,403
1490,1297,403
1491,1298,302
1492,1299,474
1493,1299,346
1494,1300,321
1495,1301,403
1496,1302,403
1497,1303,499
1498,1303,504
1499,1304,34
1500,1304,216
1501,1305,62
1502,1306,403
1503,1307,403
1504,1308,403
1505,1309,346
1506,1310,403
1507,1310,346
1508,1311,403
1509,1311,499
1510,1312,499
1511,1313,369
1512,1314,7
1513,1315,7
1514,1316,499
1515,1317,499
1516,1318,499
1517,1319,499
1518,1320,403
1519,1321,462
1520,1322,499
1521,1323,159
1522,1324,499
1523,1325,651
1524,1326,474
1525,1327,424
1526,1328,739
1527,1329,295
1528,1330,7
1529,1331,474
1530,1332,474
1531,1333,258
1532,1333,239
1533,1334,293
1534,1335,608
1535,1336,403
1536,1337,119
1537,1338,450
1538,1339,499
1539,1339,615
1540,1340,58
1541,1341,293
1542,1342,690
1543,1343,346
1544,1344,474
1545,1345,7
1546,1346,403
1547,1347,499
1548,1348,378
1549,1349,239
1550,1350,82
1551,1351,1
1552,1352,499
1553,1353,7
1554,1354,7
1555,1355,7
1556,1356,290
1557,1356,132
1558,1356,530
1559,1357,291
1560,1358,499
1561,1359,6
1562,1360,499
1563,1361,499
1564,1362,499
1565,1363,413
1566,1364,228
1567,1364,222
1568,1365,7
1569,1366,216
1570,1367,499
1571,1368,7
1572,1369,7
1573,1370,7
1574,1371,7
1575,1372,239
1576,1373,676
1577,1373,688
1578,1374,669
1579,1375,623
1580,1376,670
1581,1377,603
1582,1378,6
1583,1379,6
1584,1380,737
1585,1381,403
1586,1382,403
1587,1383,499
1588,1384,687
1589,1385,474
1590,1386,6
1591,1387,201
1592,1388,293
1593,1389,474
1594,1389,239
1595,1390,474
1596,1391,293
1597,1392,213
1598,1393,213
1599,1394,340
1600,1395,369
1601,1396,499
1602,1397,474
1603,1397,499
1604,1397,302
1605,1397,308
1606,1397,346
1607,1398,382
1608,1399,403
1609,1400,403
1610,1401,403
1611,1402,530
1612,1403,7
1613,1404,499
1614,1405,346
1615,1406,163
1616,1407,302
1617,1408,467
1618,1409,403
1619,1410,499
1620,1410,603
1621,1411,65
1622,1412,403
1623,1413,139
1624,1414,403
1625,1415,740
1626,1416,474
1627,1417,403
1628,1418,6
1629,1419,499
1630,1420,499
1631,1420,317
1632,1420,260
1633,1420,474
1634,1420,403
1635,1421,499
1636,1422,403
1637,1423,499
1638,1424,403
1639,1425,293
1640,1426,1
1641,1427,161
1642,1428,261
1643,1429,741
1644,1430,220
1645,1431,499
1646,1432,403
1647,1433,499
1648,1434,403
1649,1435,499
1650,1436,652
1651,1437,499
1652,1438,1
1653,1439,216
1654,1440,7
1655,1441,220
1656,1442,7
1657,1443,7
1658,1444,7
1659,1445,7
1660,1446,7
1661,1447,7
1662,1448,6
1663,1449,346
1664,1449,474
1665,1450,471
1666,1451,403
1667,1452,403
1668,1453,403
1669,1454,1
1670,1455,302
1671,1456,499
1672,1457,403
1673,1458,403
1674,1459,403
1675,1459,499
1676,1460,702
1677,1461,603
1678,1461,499
1679,1461,671
1680,1462,403
1681,1463,1
1682,1464,499
1683,1465,499
1684,1466,403
1685,1467,302
1686,1468,333
1687,1468,302
1688,1468,334
1689,1468,336
1690,1468,346
1691,1469,474
1692,1469,593
1693,1470,665
1694,1471,499
1695,1472,403
1696,1473,474
1697,1474,499
1698,1475,83
1699,1476,1
1700,1477,522
1701,1477,513
1702,1478,302
1703,1478,346
1704,1479,499
1705,1480,403
1706,1481,220
1707,1482,592
1708,1483,403
1709,1483,346
1710,1484,403
1711,1485,499
1712,1486,237
1713,1487,403
1714,1488,7
1715,1489,346
1716,1489,58
1717,1490,403
1718,1491,230
1719,1492,295
1720,1493,7
1721,1494,7
1722,1495,7
1723,1496,7
1724,1497,403
1725,1498,346
1726,1499,403
1727,1500,658
1728,1500,622
1729,1500,603
1730,1501,739
1731,1502,331
1732,1502,730
1733,1502,725
1734,1503,724
1735,1504,473
1736,1505,722
1737,1505,499
1738,1506,675
1739,1506,263
1740,1507,625
1741,1508,346
1742,1509,7
1743,1510,7
1744,1511,7
1745,1512,7
1746,1513,313
1747,1513,375
1748,1514,17
1749,1515,474
1750,1516,737
1751,1517,740
1752,1518,466
1753,1518,474
1754,1519,698
1755,1520,503
1756,1520,286
1757,1521,456
1758,1522,55
1759,1523,499
1760,1524,403
1761,1525,124
1762,1526,465
1763,1527,589
1764,1528,740
1765,1529,264
1766,1530,237
1767,1531,403
1768,1532,474
1769,1533,6
1770,1534,11
1771,1535,1
1772,1536,499
1773,1536,653
1774,1537,155
1775,1538,654
1776,1539,91
1777,1540,216
1778,1541,499
1779,1542,666
1780,1543,346
1781,1544,499
1782,1545,473
1783,1546,740
1784,1547,474
1785,1548,740
1786,1549,740
1787,1550,394
1788,1551,499
1789,1552,403
1790,1553,499
1791,1554,409
1792,1555,603
1793,1555,499
1794,1556,557
1795,1556,558
1796,1557,403
1797,1558,499
1798,1559,499
1799,1560,499
1800,1561,6
1801,1562,346
1802,1563,499
1803,1564,403
1804,1564,369
1805,1565,740
1806,1566,403
1807,1567,473
1808,1568,403
1809,1569,499
1810,1570,496
1811,1570,474
1812,1570,495
1813,1570,484
1814,1571,1
1815,1572,1
1816,1573,474
1817,1574,346
1818,1575,649
1819,1576,474
1820,1577,737
1821,1578,346
1822,1579,403
1823,1580,499
1824,1581,1
1825,1582,1
1826,1583,403
1827,1584,369
1828,1585,327
1829,1586,499
1830,1587,499
1831,1588,474
1832,1589,295
1833,1590,7
1834,1591,499
1835,1592,204
1836,1593,189
1837,1594,644
1838,1595,661
1839,1595,656
1840,1595,499
1841,1596,499
1842,1597,403
1843,1598,694
1844,1599,645
1845,1600,740
1846,1601,474
1847,1602,237
1848,1603,346
1849,1604,738
1850,1605,43
1851,1605,63
1852,1606,237
1853,1607,237
1854,1608,403
1855,1609,468
1856,1610,740
1857,1611,474
1858,1612,295
1859,1613,603
1860,1614,237
1861,1615,403
1862,1616,610
1863,1617,209
1864,1618,499
1865,1619,1
1866,1620,499
1867,1621,202
1868,1622,474
1869,1623,239
1870,1624,7
1871,1625,7
1872,1626,586
1873,1627,302
1874,1628,611
1875,1629,346
1876,1630,403
1877,1631,473
1878,1632,622
1879,1633,1
1880,1634,683
1881,1635,658
1882,1636,403
1883,1637,499
1884,1638,346
1885,1639,499
1886,1640,393
1887,1641,12
1888,1641,220
1889,1642,140
1890,1642,139
1891,1642,293
1892,1642,146
1893,1643,131
1894,1643,139
1895,1644,505
1896,1645,740
1897,1646,667
1898,1647,475
1899,1648,8
1900,1649,494
1901,1650,13
1902,1651,403
1903,1652,574
1904,1653,499
1905,1654,474
1906,1655,737
1907,1656,369
1908,1656,403
1909,1657,472
1910,1658,7
1911,1659,633
1912,1660,740
1913,1661,499
1914,1661,403
1915,1662,346
1916,1662,725
1917,1663,732
1918,1664,7
1919,1665,737
1920,1665,740
1921,1666,606
1922,1667,403
1923,1668,403
1924,1669,403
1925,1670,403
1926,1671,403
1927,1672,193
1928,1673,168
1929,1674,474
1930,1675,499
1931,1676,403
1932,1677,499
1933,1678,474
1934,1678,403
1935,1678,346
1936,1679,403
1937,1680,403
1938,1681,499
1939,1682,474
1940,1683,141
1941,1684,474
1942,1685,466
1943,1685,403
1944,1686,403
1945,1687,467
1946,1688,499
1947,1689,474
1948,1690,346
1949,1691,499
1950,1691,653
1951,1692,600
1952,1693,16
1953,1694,474
1954,1695,403
1955,1696,716
1956,1697,403
1957,1698,369
1958,1699,7
1959,1700,499
1960,1700,403
1961,1701,295
1962,1702,1
1963,1703,403
1964,1703,474
1965,1704,499
1966,1705,499
1967,1706,474
1968,1707,239
1969,1708,474
1970,1709,499
1971,1710,403
1972,1711,553
1973,1712,444
1974,1713,499
1975,1713,403
1976,1714,380
1977,1714,346
1978,1715,403
1979,1716,403
1980,1717,346
1981,1718,530
1982,1719,474
1983,1720,474
1984,1721,433
1985,1722,474
1986,1723,403
1987,1724,737
1988,1725,403
1989,1726,204
1990,1727,403
1991,1728,403
1992,1729,474
1993,1730,474
1994,1731,499
1995,1732,678
1996,1733,302
1997,1734,403
1998,1735,346
1999,1736,603
2000,1737,403
2001,1737,391
2002,1738,642
2003,1739,403
2004,1740,239
2005,1741,499
2006,1742,220
2007,1743,220
2008,1744,7
2009,1745,362
2010,1746,446
2011,1747,265
2012,1748,154
2013,1749,740
2014,1750,403
2015,1751,216
2016,1752,7
2017,1753,403
2018,1754,474
2019,1755,403
2020,1756,474
2021,1757,54
2022,1758,99
2023,1759,530
2024,1760,403
2025,1761,346
2026,1761,474
2027,1762,239
2028,1763,530
2029,1764,1
2030,1765,7
2031,1766,403
2032,1767,6
2033,1768,737
2034,1768,739
2035,1769,239
2036,1770,499
2037,1771,345
2038,1772,63
2039,1773,474
2040,1774,474
2041,1775,695
2042,1775,207
2043,1776,346
2044,1776,403
2045,1777,1
2046,1778,403
2047,1779,424
2048,1779,428
2049,1780,369
2050,1780,403
2051,1781,403
2052,1781,369
2053,1782,403
2054,1783,391
2055,1783,403
2056,1784,353
2057,1785,711
2058,1786,403
2059,1787,403
2060,1788,499
2061,1789,403
2062,1790,346
2063,1791,403
2064,1792,403
2065,1793,474
2066,1794,403
2067,1795,164
2068,1796,195
2069,1797,292
2070,1798,559
2071,1798,474
2072,1799,499
2073,1800,474
2074,1801,346
2075,1802,738
2076,1803,239
2077,1804,560
2078,1805,1
2079,1806,486
2080,1807,499
2081,1808,474
2082,1809,530
2083,1810,403
2084,1811,295
2085,1812,499
2086,1813,346
2087,1813,307
2088,1814,739
2089,1815,346
2090,1816,369
2091,1817,403
2092,1818,375
2093,1819,235
2094,1820,499
2095,1820,474
2096,1820,735
2097,1821,474
2098,1822,530
2099,1822,474
2100,1823,403
2101,1824,474
2102,1825,36
2103,1826,239
2104,1827,474
2105,1827,64
2106,1827,266
2107,1827,239
2108,1827,87
2109,1828,133
2110,1829,720
2111,1830,108
2112,1830,95
2113,1831,683
2114,1831,684
2115,1832,739
2116,1833,499
2117,1834,499
2118,1835,403
2119,1836,499
2120,1837,346
2121,1838,369
2122,1839,346
2123,1839,403
2124,1840,237
2125,1841,293
2126,1842,302
2127,1843,403
2128,1844,456
2129,1845,474
2130,1846,63
2131,1847,346
2132,1848,421
2133,1849,737
2134,1850,686
2135,1851,737
2136,1852,302
2137,1853,156
2138,1854,403
2139,1855,738
2140,1855,740
2141,1856,473
2142,1857,1
2143,1858,302
2144,1859,403
2145,1860,346
2146,1861,57
2147,1862,403
2148,1862,474
2149,1863,603
2150,1864,305
2151,1864,316
2152,1865,69
2153,1866,219
2154,1867,302
2155,1868,415
2156,1868,38
2157,1869,134
2158,1870,634
2159,1870,603
2160,1871,466
2161,1872,295
2162,1873,113
2163,1873,114
2164,1874,499
2165,1875,499
2166,1876,403
2167,1877,499
2168,1878,499
2169,1879,302
2170,1880,474
2171,1881,403
2172,1882,399
2173,1883,369
2174,1884,369
2175,1884,499
2176,1885,403
2177,1886,295
2178,1887,737
2179,1888,403
2180,1889,463
2181,1890,455
2182,1891,474
2183,1892,403
2184,1893,403
2185,1894,528
2186,1895,739
2187,1896,474
2188,1897,403
2189,1898,162
2190,1899,403
2191,1900,6
2192,1901,466
2193,1902,668
2194,1903,623
2195,1904,603
2196,1905,499
2197,1906,7
2198,1907,403
2199,1908,403
2200,1909,302
2201,1909,474
2202,1910,499
2203,1911,474
2204,1912,403
2205,1913,6
2206,1913,530
2207,1914,474
2208,1914,683
2209,1914,473
2210,1914,369
2211,1914,740
2212,1914,738
2213,1915,369
2214,1916,403
2215,1917,499
2216,1918,403
2217,1919,403
2218,1920,196
2219,1921,474
2220,1922,403
2221,1923,403
2222,1924,403
2223,1925,499
2224,1926,474
2225,1926,302
2226,1927,403
2227,1928,51
2228,1929,220
2229,1930,220
2230,1931,1
2231,1932,0
2232,1933,7
2233,1934,201
2234,1935,220
2235,1936,7
2236,1937,403
2237,1937,369
2238,1938,499
2239,1938,415
2240,1939,403
2241,1940,403
2242,1941,530
2243,1942,235
2244,1943,196
2245,1944,469
2246,1945,739
2247,1946,539
2248,1947,740
2249,1948,474
2250,1948,403
2251,1948,369
2252,1949,7
2253,1950,220
2254,1951,417
2255,1952,403
2256,1952,525
2257,1952,499
2258,1953,715
2259,1954,346
2260,1954,302
2261,1955,239
2262,1955,474
2263,1956,237
2264,1957,505
2265,1958,237
2266,1959,390
2267,1960,663
2268,1961,1
2269,1962,499
2270,1963,562
2271,1964,499
2272,1965,474
2273,1966,499
2274,1966,603
2275,1967,659
2276,1968,499
2277,1969,499
2278,1969,403
2279,1970,499
2280,1971,705
2281,1972,6
2282,1973,6
2283,1974,474
2284,1975,656
2285,1976,740
2286,1977,588
2287,1978,473
2288,1979,6
2289,1980,403
2290,1981,499
2291,1982,330
2292,1982,474
2293,1983,346
2294,1984,740
2295,1985,740
2296,1986,473
2297,1987,663
2298,1988,474
2299,1989,346
2300,1990,293
2301,1991,417
2302,1991,416
2303,1991,437
2304,1992,369
2305,1993,7
2306,1994,474
2307,1995,474
2308,1996,1
2309,1997,56
2310,1998,499
2311,1999,369
2312,2000,403
2313,2000,499
2314,2001,403
2315,2002,403
2316,2003,459
2317,2004,450
2318,2005,663
2319,2006,12
2320,2007,369
2321,2007,499
2322,2007,403
2323,2008,499
2324,2008,369
2325,2009,313
2326,2010,267
2327,2011,701
2328,2012,710
2329,2013,548
2330,2014,295
2331,2015,608
2332,2016,403
2333,2017,403
2334,2018,403
2335,2018,405
2336,2019,499
2337,2020,499
2338,2021,705
2339,2022,499
2340,2023,403
2341,2024,3
2342,2025,474
2343,2025,302
2344,2026,369
2345,2027,165
2346,2027,158
2347,2028,474
2348,2029,468
2349,2030,1
2350,2031,2
2351,2032,293
2352,2033,6
2353,2034,63
2354,2035,237
2355,2036,564
2356,2036,499
2357,2036,532
2358,2036,6
2359,2037,499
2360,2038,232
2361,2039,499
2362,2040,1
2363,2041,474
2364,2042,403
2365,2043,369
2366,2044,372
2367,2045,1
2368,2046,89
2369,2047,580
2370,2048,346
2371,2049,691
2372,2050,237
2373,2051,1
2374,2052,473
2375,2053,220
2376,2054,239
2377,2055,7
2378,2056,616
2379,2056,403
2380,2056,499
2381,2056,474
2382,2057,499
2383,2058,403
2384,2059,474
2385,2060,403
2386,2061,403
2387,2062,346
2388,2063,499
2389,2064,619
2390,2065,499
2391,2066,635
2392,2067,635
2393,2068,499
2394,2069,499
2395,2070,669
2396,2070,670
2397,2070,237
2398,2071,499
2399,2072,474
2400,2073,642
2401,2074,379
2402,2075,612
2403,2076,499
2404,2076,474
2405,2077,499
2406,2078,499
2407,2079,220
2408,2080,565
2409,2081,614
2410,2082,403
2411,2083,499
2412,2084,141
2413,2085,302
2414,2085,474
2415,2086,501
2416,2087,473
2417,2088,474
2418,2089,740
2419,2090,403
2420,2091,566
2421,2092,6
2422,2092,603
2423,2093,6
2424,2094,567
2425,2094,474
2426,2094,499
2427,2095,213
2428,2096,346
2429,2097,635
2430,2098,121
2431,2099,1
2432,2100,403
2433,2101,403
2434,2102,499
2435,2103,15
2436,2104,209
2437,2105,474
2438,2106,1
2439,2107,216
2440,2107,239
2441,2107,220
2442,2107,295
2443,2108,7
2444,2109,7
2445,2110,7
2446,2111,7
2447,2112,415
2448,2113,295
2449,2113,216
2450,2114,7
2451,2115,7
2452,2116,7
2453,2117,7
2454,2118,403
2455,2119,403
2456,2120,372
2457,2120,302
2458,2121,403
2459,2122,7
2460,2123,403
2461,2124,473
2462,2125,740
2463,2126,499
2464,2127,403
2465,2128,674
2466,2129,403
2467,2130,403
2468,2131,499
2469,2132,474
2470,2133,240
2471,2133,499
2472,2133,473
2473,2134,1
2474,2135,1
2475,2136,517
2476,2137,474
2477,2138,6
2478,2139,403
2479,2140,292
2480,2141,499
2481,2142,707
2482,2143,7
2483,2144,595
2484,2145,688
2485,2145,676
2486,2146,295
2487,2147,7
2488,2148,7
2489,2149,503
2490,2150,530
2491,2151,7
2492,2152,413
2493,2153,499
2494,2153,474
2495,2154,474
2496,2155,514
2497,2156,499
2498,2157,403
2499,2158,7
2500,2159,7
2501,2160,9
2502,2161,520
2503,2162,63
2504,2163,467
2505,2163,499
2506,2164,403
2507,2165,415
2508,2166,499
2509,2167,570
2510,2168,1
2511,2169,239
2512,2169,474
2513,2170,627
2514,2171,505
2515,2172,369
2516,2173,63
2517,2174,474
2518,2175,499
2519,2176,499
2520,2177,214
2521,2178,237
2522,2179,416
2523,2180,499
2524,2180,659
2525,2181,603
2526,2182,369
2527,2183,499
2528,2184,474
2529,2185,680
2530,2186,499
2531,2187,42
2532,2188,220
2533,2189,412
2534,2190,681
2535,2191,403
2536,2192,499
2537,2193,474
2538,2194,403
2539,2195,395
2540,2196,403
2541,2197,661
2542,2198,474
2543,2199,474
2544,2200,7
2545,2201,7
2546,2202,346
2547,2203,403
2548,2204,403
2549,2205,403
2550,2206,403
2551,2207,474
2552,2208,214
2553,2209,474
2554,2210,403
2555,2211,500
2556,2212,7
2557,2213,293
2558,2214,302
2559,2215,499
2560,2216,369
2561,2217,403
2562,2218,403
2563,2219,403
2564,2220,403
2565,2221,239
2566,2221,240
2567,2221,474
2568,2222,369
2569,2223,403
2570,2224,474
2571,2225,302
2572,2226,680
2573,2227,179
2574,2228,740
2575,2229,6
2576,2230,403
2577,2231,71
2578,2231,239
2579,2231,474
2580,2232,7
2581,2233,474
2582,2233,683
2583,2234,613
2584,2234,287
2585,2235,499
2586,2235,420
2587,2236,403
2588,2237,346
2589,2238,295
2590,2239,663
2591,2240,369
2592,2240,302
2593,2240,403
2594,2240,346
2595,2241,672
2596,2242,432
2597,2243,369
2598,2244,7
2599,2245,7
2600,2246,7
2601,2247,7
2602,2248,403
2603,2249,190
2604,2250,391
2605,2250,403
2606,2251,603
2607,2252,403
2608,2253,1
2609,2254,403
2610,2255,237
2611,2255,302
2612,2255,442
2613,2256,403
2614,2257,489
2615,2258,474
2616,2259,237
2617,2260,403
2618,2261,737
2619,2262,474
2620,2262,669
2621,2263,403
2622,2264,346
2623,2265,466
2624,2266,429
2625,2267,474
2626,2267,499
2627,2267,403
2628,2268,325
2629,2269,2
2630,2270,218
2631,2271,7
2632,2272,637
2633,2273,740
2634,2274,286
2635,2275,458
2636,2276,480
2637,2276,474
2638,2277,740
2639,2277,737
2640,2278,569
2641,2279,684
2642,2280,468
2643,2281,473
2644,2282,178
2645,2283,346
2646,2284,403
2647,2285,737
2648,2286,738
2649,2287,403
2650,2288,499
2651,2289,403
2652,2290,450
2653,2291,403
2654,2292,403
2655,2293,346
2656,2294,474
2657,2295,346
2658,2296,403
2659,2297,403
2660,2298,505
2661,2299,403
2662,2300,666
2663,2301,10
2664,2302,708
2665,2303,302
2666,2304,639
2667,2305,346
2668,2306,6
2669,2307,403
2670,2308,499
2671,2309,403
2672,2310,1
2673,2311,76
2674,2312,403
2675,2313,369
2676,2314,530
2677,2315,7
2678,2316,499
2679,2316,603
2680,2317,499
2681,2318,499
2682,2319,474
2683,2320,7
2684,2321,403
2685,2322,237
2686,2323,499
2687,2324,181
2688,2325,737
2689,2326,1
2690,2327,205
2691,2328,624
2692,2329,169
2693,2330,737
2694,2331,530
2695,2332,677
2696,2333,740
2697,2334,346
2698,2335,499
2699,2336,185
2700,2337,737
2701,2338,374
2702,2339,7
2703,2340,293
2704,2341,304
2705,2341,302
2706,2342,403
2707,2343,268
2708,2343,530
2709,2343,499
2710,2344,499
2711,2344,135
2712,2345,499
2713,2346,22
2714,2346,459
2715,2347,237
2716,2348,175
2717,2349,7
2718,2350,346
2719,2351,499
2720,2352,239
2721,2353,403
2722,2354,499
2723,2355,499
2724,2356,499
2725,2357,403
2726,2358,499
2727,2359,474
2728,2360,728
2729,2361,283
2730,2361,239
2731,2361,269
2732,2362,446
2733,2362,436
2734,2363,403
2735,2363,380
2736,2364,403
2737,2365,403
2738,2366,302
2739,2366,335
2740,2367,7
2741,2368,7
2742,2369,7
2743,2370,571
2744,2371,718
2745,2372,499
2746,2373,93
2747,2374,236
2748,2375,238
2749,2376,740
2750,2377,377
2751,2378,419
2752,2379,110
2753,2380,369
2754,2380,499
2755,2381,474
2756,2382,474
2757,2383,473
2758,2384,738
2759,2385,293
2760,2386,403
2761,2387,295
2762,2387,216
2763,2388,6
2764,2389,7
2765,2390,7
2766,2391,7
2767,2392,7
2768,2393,7
2769,2394,474
2770,2395,663
2771,2396,474
2772,2397,479
2773,2398,107
2774,2398,271
2775,2398,270
2776,2399,740
2777,2400,474
2778,2401,499
2779,2402,220
2780,2402,216
2781,2403,7
2782,2404,740
2783,2405,346
2784,2405,403
2785,2405,369
2786,2406,403
2787,2407,403
2788,2408,499
2789,2409,293
2790,2410,239
2791,2411,572
2792,2412,403
2793,2413,403
2794,2414,499
2795,2415,505
2796,2416,424
2797,2417,499
2798,2418,343
2799,2418,337
2800,2419,403
2801,2419,369
2802,2420,403
2803,2420,346
2804,2420,655
2805,2421,499
2806,2422,369
2807,2423,208
2808,2424,499
2809,2425,473
2810,2426,474
2811,2427,403
2812,2428,628
2813,2429,302
2814,2430,740
2815,2431,403
2816,2432,272
2817,2433,302
2818,2433,346
2819,2433,403
2820,2434,273
2821,2435,579
2822,2436,346
2823,2437,346
2824,2438,689
2825,2439,530
2826,2440,231
2827,2441,387
2828,2441,376
2829,2442,403
2830,2443,688
2831,2444,7
2832,2445,660
2833,2446,738
2834,2447,1
2835,2448,474
2836,2449,499
2837,2450,7
2838,2451,9
2839,2452,403
2840,2453,474
2841,2454,532
2842,2455,474
2843,2456,737
2844,2457,416
2845,2457,417
2846,2457,418
2847,2458,413
2848,2459,220
2849,2460,220
2850,2461,57
2851,2462,216
2852,2463,220
2853,2464,499
2854,2465,232
2855,2466,9
2856,2467,6
2857,2468,403
2858,2469,95
2859,2470,499
2860,2471,711
2861,2472,499
2862,2473,1
2863,2474,474
2864,2475,499
2865,2476,474
2866,2477,499
2867,2478,1
2868,2479,670
2869,2479,669
2870,2480,637
2871,2481,739
2872,2482,499
2873,2483,499
2874,2483,648
2875,2484,403
2876,2484,499
2877,2485,403
2878,2486,499
2879,2487,740
2880,2488,1
2881,2489,216
2882,2490,739
2883,2491,346
2884,2492,403
2885,2493,474
2886,2494,408
2887,2495,346
2888,2496,403
2889,2497,369
2890,2497,403
2891,2498,403
2892,2499,740
2893,2500,740
2894,2501,274
2895,2502,311
2896,2503,386
2897,2504,37
2898,2505,63
2899,2506,573
2900,2507,403
2901,2508,499
2902,2509,58
2903,2510,369
2904,2511,90
2905,2512,403
2906,2513,7
2907,2514,296
2908,2514,216
2909,2515,346
2910,2516,346
2911,2516,356
2912,2517,403
2913,2518,403
2914,2519,474
2915,2520,237
2916,2521,499
2917,2522,403
2918,2523,474
2919,2523,346
2920,2524,7
2921,2525,740
2922,2526,220
2923,2527,740
2924,2528,739
2925,2529,346
2926,2529,474
2927,2530,389
2928,2531,499
2929,2532,740
2930,2533,346
2931,2534,403
2932,2535,466
2933,2536,295
2934,2537,415
2935,2538,737
2936,2539,275
2937,2540,474
2938,2541,403
2939,2542,403
2940,2543,346
2941,2544,499
2942,2545,403
2943,2546,1
2944,2547,403
2945,2548,237
2946,2549,499
2947,2549,415
2948,2550,234
2949,2551,7
2950,2552,346
2951,2553,499
2952,2554,346
2953,2555,369
2954,2556,9
2955,2557,216
2956,2558,283
2957,2559,225
2958,2560,473
2959,2561,474
2960,2562,740
2961,2563,239
2962,2564,499
2963,2565,499
2964,2566,6
2965,2567,6
2966,2568,6
2967,2569,6
2968,2570,6
2969,2571,346
2970,2572,346
2971,2573,499
2972,2574,49
2973,2574,21
2974,2575,237
2975,2576,403
2976,2577,346
2977,2578,6
2978,2579,403
2979,2580,499
2980,2581,403
2981,2582,499
2982,2583,403
2983,2584,530
2984,2585,7
2985,2586,239
2986,2587,499
2987,2588,403
2988,2589,1
2989,2590,724
2990,2591,6
2991,2592,6
2992,2593,6
2993,2594,499
2994,2595,369
2995,2596,403
2996,2597,413
2997,2598,403
2998,2599,10
2999,2600,415
3000,2601,369
3001,2602,285
3002,2603,413
3003,2604,499
3004,2605,466
3005,2606,721
3006,2607,474
3007,2607,530
3008,2607,276
3009,2608,403
3010,2609,499
3011,2610,499
3012,2611,716
3013,2612,66
3014,2612,96
3015,2613,7
3016,2614,346
3017,2614,474
3018,2615,403
3019,2616,531
3020,2617,499
3021,2618,220
3022,2619,6
3023,2620,474
3024,2621,499
3025,2622,346
3026,2623,454
3027,2624,346
3028,2624,474
3029,2625,474
3030,2626,403
3031,2627,116
3032,2628,369
3033,2629,499
3034,2630,403
3035,2631,740
3036,2632,499
3037,2632,474
3038,2633,499
3039,2634,318
3040,2634,322
3041,2634,344
3042,2635,369
3043,2636,499
3044,2637,462
3045,2637,725
3046,2638,295
3047,2639,7
3048,2640,555
3049,2641,530
3050,2642,235
3051,2642,691
3052,2642,97
3053,2643,474
3054,2644,301
3055,2645,693
3056,2646,403
3057,2647,474
3058,2648,474
3059,2648,582
3060,2648,532
3061,2649,737
3062,2649,740
3063,2650,474
3064,2651,415
3065,2652,237
3066,2653,739
3067,2654,369
3068,2654,474
3069,2655,119
3070,2656,136
3071,2657,499
3072,2658,23
3073,2659,403
3074,2659,359
3075,2659,391
3076,2660,674
3077,2661,403
3078,2662,403
3079,2663,346
3080,2663,441
3081,2664,403
3082,2665,6
3083,2666,422
3084,2666,239
3085,2667,499
3086,2668,737
3087,2669,403
3088,2670,215
3089,2671,403
3090,2672,353
3091,2673,176
3092,2674,403
3093,2675,403
3094,2676,369
3095,2676,403
3096,2677,145
3097,2678,46
3098,2679,341
3099,2680,451
3100,2681,740
3101,2682,3
3102,2683,474
3103,2683,346
3104,2684,403
3105,2685,403
3106,2686,346
3107,2687,7
3108,2688,220
3109,2689,346
3110,2690,403
3111,2691,295
3112,2692,63
3113,2693,220
3114,2694,474
3115,2695,1
3116,2696,403
3117,2696,393
3118,2697,499
3119,2698,499
3120,2699,706
3121,2700,621
3122,2701,346
3123,2702,474
3124,2702,293
3125,2702,490
3126,2703,499
3127,2703,735
3128,2704,499
3129,2705,26
3130,2706,53
3131,2707,460
3132,2707,459
3133,2708,499
3134,2709,403
3135,2710,7
3136,2711,7
3137,2712,499
3138,2712,622
3139,2713,603
3140,2714,351
3141,2714,302
3142,2715,375
3143,2716,346
3144,2717,467
3145,2718,474
3146,2718,302
3147,2719,403
3148,2720,6
3149,2721,346
3150,2722,499
3151,2723,413
3152,2724,216
3153,2724,239
3154,2724,295
3155,2725,7
3156,2726,7
3157,2727,7
3158,2728,7
3159,2729,7
3160,2730,220
3161,2731,346
3162,2732,741
3163,2733,14
3164,2734,4
3165,2735,7
3166,2736,7
3167,2737,144
3168,2738,302
3169,2739,546
3170,2740,474
3171,2741,739
3172,2742,499
3173,2743,235
3174,2744,739
3175,2744,139
3176,2744,487
3177,2744,474
3178,2744,100
3179,2745,140
3180,2746,139
3181,2747,139
3182,2748,499
3183,2749,576
3184,2750,473
3185,2751,739
3186,2752,216
3187,2753,369
3188,2754,499
3189,2755,403
3190,2756,403
3191,2757,403
3192,2758,295
3193,2758,346
3194,2759,405
3195,2760,403
3196,2761,499
3197,2762,1
3198,2763,239
3199,2764,474
3200,2765,403
3201,2766,474
3202,2767,499
3203,2768,403
3204,2769,499
3205,2770,530
3206,2771,499
3207,2772,369
3208,2773,609
3209,2774,474
3210,2775,424
3211,2776,101
3212,2776,277
3213,2776,549
3214,2776,239
3215,2777,237
3216,2778,403
3217,2779,474
3218,2780,346
3219,2781,184
3220,2782,622
3221,2783,740
3222,2784,456
3223,2785,346
3224,2786,622
3225,2787,103
3226,2788,474
3227,2789,499
3228,2790,5
3229,2791,473
3230,2792,9
3231,2793,474
3232,2794,403
3233,2794,467
3234,2795,473
3235,2796,403
3236,2797,703
3237,2798,406
3238,2799,478
3239,2800,403
3240,2801,295
3241,2802,474
3242,2803,473
3243,2804,530
3244,2805,1
3245,2806,7
3246,2807,474
3247,2808,499
3248,2809,369
3249,2810,403
3250,2811,295
3251,2812,346
3252,2813,1
3253,2814,403
3254,2815,403
3255,2816,499
3256,2817,403
3257,2818,403
3258,2819,369
3259,2820,403
3260,2821,293
3261,2822,499
3262,2823,403
3263,2823,400
3264,2823,424
3265,2824,369
3266,2825,499
3267,2826,615
3268,2827,293
3269,2828,220
3270,2829,320
3271,2829,447
3272,2829,346
3273,2829,303
3274,2829,302
3275,2830,403
3276,2831,369
3277,2831,402
3278,2832,369
3279,2833,551
3280,2834,680
3281,2835,403
3282,2836,403
3283,2836,474
3284,2837,346
3285,2838,403
3286,2839,403
3287,2839,499
3288,2840,403
3289,2841,499
3290,2842,499
3291,2843,681
3292,2844,499
3293,2845,474
3294,2845,499
3295,2846,403
3296,2846,499
3297,2847,474
3298,2848,499
3299,2849,474
3300,2849,499
3301,2850,6
3302,2851,499
3303,2852,403
3304,2853,499
3305,2854,346
3306,2855,499
3307,2856,51
3308,2857,410
3309,2858,499
3310,2859,403
3311,2860,403
3312,2861,403
3313,2862,467
3314,2863,499
3315,2864,346
3316,2865,346
3317,2866,403
3318,2867,716
3319,2868,346
3320,2869,211
3321,2870,369
3322,2870,403
3323,2871,403
3324,2872,346
3325,2873,403
3326,2874,105
3327,2874,92
3328,2875,499
3329,2876,739
3330,2877,1
3331,2878,403
3332,2879,194
3333,2880,369
3334,2880,403
3335,2881,147
3336,2882,286
3337,2883,302
3338,2883,403
3339,2884,403
3340,2885,499
3341,2886,286
3342,2887,439
3343,2888,403
3344,2889,499
3345,2890,474
3346,2891,7
3347,2892,403
3348,2892,391
3349,2893,1
3350,2894,20
3351,2895,724
3352,2895,448
3353,2896,403
3354,2897,346
3355,2898,499
3356,2899,699
3357,2900,536
3358,2901,237
3359,2901,294
3360,2901,499
3361,2902,51
3362,2903,467
3363,2903,403
3364,2903,346
3365,2904,174
3366,2905,235
3367,2906,474
3368,2907,132
3369,2908,299
3370,2909,216
3371,2910,6
3372,2911,7
3373,2912,7
3374,2913,298
3375,2914,295
3376,2915,7
3377,2916,7
3378,2917,7
3379,2918,739
3380,2919,474
3381,2920,474
3382,2921,403
3383,2922,474
3384,2923,740
3385,2924,498
3386,2925,474
3387,2926,656
3388,2927,1
3389,2928,578
3390,2929,635
3391,2930,499
3392,2931,474
3393,2932,474
3394,2932,403
3395,2933,156
3396,2934,77
3397,2935,346
3398,2936,499
3399,2937,403
3400,2938,403
3401,2938,393
3402,2939,393
3403,2940,522
3404,2941,403
3405,2941,346
3406,2942,499
3407,2943,499
3408,2944,378
3409,2945,290
3410,2946,499
3411,2947,737
3412,2947,740
3413,2948,201
3414,2949,499
3415,2950,639
3416,2951,739
3417,2952,369
3418,2953,629
3419,2954,499
3420,2955,499
3421,2956,663
3422,2957,293
3423,2958,369
3424,2958,499
3425,2959,346
3426,2960,413
3427,2961,499
3428,2962,35
3429,2963,346
3430,2964,474
3431,2965,697
3432,2966,403
3433,2967,499
3434,2968,499
3435,2969,338
3436,2970,499
3437,2971,151
3438,2972,403
3439,2973,651
3440,2974,499
3441,2975,403
3442,2976,6
3443,2977,737
3444,2978,474
3445,2979,474
3446,2980,499
3447,2981,499
3448,2982,474
3449,2983,403
3450,2984,346
3451,2985,403
3452,2986,403
3453,2987,403
3454,2988,403
3455,2989,499
3456,2990,499
3457,2991,499
3458,2992,474
3459,2993,289
3460,2994,346
3461,2995,403
3462,2995,384
3463,2996,499
3464,2997,473
3465,2998,473
3466,2999,184
3467,3000,346
3468,3001,302
3469,3002,651
3470,3002,603
3471,3003,737
3472,3004,346
3473,3005,403
3474,3006,403
3475,3007,219
3476,3008,461
3477,3008,462
3478,3009,47
3479,3010,499
3480,3011,403
3481,3012,239
3482,3013,499
3483,3013,403
3484,3014,474
3485,3015,740
3486,3016,220
3487,3017,740
3488,3018,184
3489,3019,206
3490,3020,499
3491,3021,1
3492,3022,198
3493,3023,191
3494,3024,603
3495,3025,737
3496,3026,474
3497,3027,369
3498,3027,403
3499,3028,346
3500,3029,474
3501,3030,346
3502,3031,403
3503,3032,403
3504,3033,490
3505,3034,740
3506,3035,499
3507,3036,499
3508,3037,499
3509,3038,631
3510,3039,422
3511,3040,581
3512,3041,462
3513,3042,403
3514,3043,346
3515,3044,474
3516,3044,346
3517,3045,499
3518,3046,369
3519,3047,369
3520,3048,403
3521,3049,474
3522,3050,403
3523,3051,7
3524,3052,369
3525,3052,346
3526,3052,403
3527,3053,403
3528,3054,403
3529,3055,346
3530,3056,474
3531,3057,499
3532,3058,474
3533,3059,369
3534,3060,450
3535,3060,459
3536,3061,403
3537,3062,403
3538,3062,391
3539,3063,237
3540,3064,403
3541,3065,403
3542,3066,474
3543,3067,499
3544,3068,499
3545,3069,659
3546,3070,659
3547,3070,499
3548,3071,403
3549,3072,403
3550,3073,499
3551,3074,530
3552,3074,216
3553,3075,739
3554,3076,293
3555,3077,499
3556,3078,184
3557,3079,499
3558,3080,656
3559,3080,655
3560,3080,654
3561,3081,1
3562,3082,700
3563,3083,346
3564,3083,302
3565,3084,354
3566,3084,355
3567,3085,7
3568,3086,634
3569,3087,403
3570,3087,499
3571,3088,499
3572,3089,499
3573,3089,226
3574,3090,1
3575,3091,474
3576,3092,349
3577,3093,7
3578,3094,499
3579,3095,302
3580,3096,203
3581,3097,403
3582,3098,499
3583,3099,430
3584,3100,403
3585,3101,474
3586,3102,467
3587,3103,233
3588,3104,531
3589,3105,295
3590,3106,367
3591,3106,348
3592,3107,499
3593,3107,467
3594,3108,499
3595,3109,7
3596,3110,403
3597,3111,740
3598,3112,346
3599,3112,466
3600,3112,511
3601,3112,474
3602,3113,528
3603,3114,72
3604,3115,7
3605,3116,403
3606,3117,6
3607,3118,740
3608,3119,499
3609,3119,467
3610,3120,530
3611,3121,737
3612,3122,499
3613,3123,9
3614,3124,413
3615,3125,237
3616,3126,737
3617,3127,237
3618,3128,499
3619,3129,369
3620,3130,499
3621,3131,6
3622,3132,499
3623,3133,661
3624,3134,530
3625,3135,499
3626,3136,499
3627,3137,205
3628,3138,212
3629,3138,205
3630,3139,737
3631,3140,499
3632,3141,1
3633,3142,142
3634,3143,1
3635,3144,403
3636,3145,157
3637,3145,174
3638,3146,369
3639,3147,369
3640,3148,239
3641,3149,499
3642,3150,499
3643,3151,7
3644,3152,507
3645,3153,239
3646,3154,57
3647,3155,474
3648,3156,737
3649,3157,499
3650,3158,474
3651,3159,400
3652,3160,220
3653,3161,499
3654,3162,239
3655,3163,346
3656,3164,239
3657,3164,493
3658,3165,1
3659,3166,561
3660,3166,239
3661,3166,422
3662,3166,240
3663,3167,474
3664,3168,237
3665,3169,237
3666,3170,403
3667,3170,346
3668,3171,499
3669,3172,474
3670,3173,403
3671,3174,403
3672,3175,467
3673,3176,474
3674,3177,499
3675,3178,403
3676,3179,346
3677,3179,499
3678,3179,403
3679,3180,403
3680,3181,602
3681,3182,51
3682,3183,466
3683,3184,474
3684,3185,1
3685,3186,1
3686,3187,346
3687,3188,474
3688,3189,499
3689,3190,403
3690,3191,740
3691,3192,403
3692,3193,239
3693,3194,346
3694,3195,403
3695,3196,465
3696,3197,499
3697,3198,474
3698,3199,346
3699,3200,237
3700,3201,677
3701,3202,474
3702,3203,506
3703,3204,468
3704,3205,346
3705,3206,499
3706,3207,237
3707,3208,499
3708,3209,499
3709,3210,474
3710,3211,499
3711,3212,474
3712,3212,584
3713,3213,499
3714,3213,346
3715,3214,739
3716,3214,585
3717,3214,590
3718,3215,474
3719,3216,403
3720,3217,237
3721,3218,474
3722,3219,346
3723,3220,474
3724,3221,293
3725,3222,499
3726,3223,153
3727,3223,213
3728,3224,737
3729,3225,740
3730,3226,530
3731,3227,740
3732,3228,6
3733,3229,739
3734,3230,403
3735,3231,403
3736,3232,474
3737,3232,235
3738,3233,1
3739,3234,403
3740,3235,474
3741,3236,222
3742,3237,499
3743,3238,1
3744,3239,403
3745,3240,220
3746,3241,473
3747,3242,740
3748,3243,6
3749,3244,239
3750,3245,403
3751,3246,474
3752,3247,738
3753,3248,6
3754,3249,603
3755,3250,6
3756,3251,603
3757,3252,648
3758,3252,499
3759,3253,499
3760,3253,587
3761,3254,396
3762,3254,369
3763,3254,392
3764,3255,403
3765,3256,403
3766,3257,237
3767,3258,403
3768,3259,474
3769,3260,403
3770,3261,424
3771,3262,278
3772,3263,474
3773,3264,382
3774,3265,530
3775,3265,474
3776,3265,279
3777,3266,237
3778,3267,616
3779,3268,661
3780,3269,403
3781,3270,474
3782,3271,403
3783,3272,474
3784,3273,714
3785,3274,740
3786,3275,499
3787,3275,391
3788,3275,403
3789,3276,403
3790,3277,499
3791,3278,722
3792,3279,7
3793,3280,130
3794,3281,220
3795,3282,9
3796,3283,499
3797,3284,499
3798,3285,499
3799,3286,499
3800,3287,467
3801,3288,6
3802,3289,499
3803,3290,474
3804,3291,474
3805,3292,499
3806,3293,1
3807,3294,6
3808,3295,6
3809,3296,413
3810,3297,499
3811,3298,346
3812,3298,403
3813,3298,369
3814,3299,594
3815,3300,739
3816,3300,737
3817,3301,302
3818,3301,474
3819,3302,499
3820,3303,7
3821,3304,7
3822,3305,499
3823,3306,467
3824,3306,499
3825,3307,499
3826,3308,474
3827,3309,346
3828,3310,369
3829,3311,474
3830,3312,499
3831,3313,11
3832,3314,346
3833,3315,456
3834,3316,474
3835,3317,281
3836,3317,239
3837,3317,112
3838,3318,530
3839,3319,7
3840,3320,474
3841,3320,496
3842,3320,497
3843,3320,477
3844,3320,491
3845,3320,488
3846,3321,52
3847,3322,7
3848,3323,516
3849,3324,403
3850,3324,474
3851,3325,463
3852,3326,403
3853,3327,474
3854,3328,706
3855,3329,385
3856,3330,499
3857,3331,499
3858,3332,713
3859,3333,474
3860,3334,422
3861,3335,723
3862,3336,499
3863,3337,739
3864,3338,213
3865,3339,737
3866,3339,740
3867,3340,616
3868,3341,658
3869,3342,740
3870,3342,738
3871,3343,685
3872,3344,739
3873,3345,474
3874,3345,364
3875,3346,370
3876,3347,0
3877,3348,499
3878,3349,499
3879,3350,61
3880,3351,415
3881,3352,403
3882,3353,403
3883,3354,738
3884,3355,357
3885,3355,346
3886,3356,403
3887,3357,674
3888,3358,474
3889,3359,499
3890,3360,403
3891,3361,10
3892,3361,369
3893,3362,449
3894,3362,431
3895,3362,424
3896,3363,448
3897,3364,737
3898,3365,52
3899,3366,403
3900,3367,403
3901,3367,369
3902,3367,346
3903,3368,403
3904,3369,403
3905,3370,403
3906,3371,422
3907,3372,474
3908,3373,403
3909,3374,499
3910,3375,401
3911,3376,403
3912,3377,386
3913,3378,403
3914,3379,339
3915,3379,403
3916,3380,237
3917,3381,467
3918,3382,51
3919,3383,302
3920,3383,369
3921,3383,403
3922,3384,499
3923,3384,369
3924,3384,403
3925,3385,499
3926,3386,459
3927,3387,346
3928,3388,50
3929,3389,737
3930,3390,474
3931,3390,346
3932,3391,14
3933,3392,499
3934,3392,603
3935,3393,729
3936,3393,474
3937,3394,403
3938,3395,474
3939,3396,474
3940,3397,603
3941,3398,499
3942,3399,403
3943,3400,403
3944,3401,369
3945,3401,403
3946,3402,740
3947,3403,302
3948,3404,737
3949,3405,403
3950,3406,188
3951,3407,346
3952,3408,403
3953,3409,474
3954,3410,689
3955,3411,1
3956,3412,499
3957,3413,474
3958,3414,596
3959,3415,519
3960,3416,1
3961,3417,286
3962,3417,499
3963,3418,474
3964,3419,499
3965,3420,294
3966,3421,392
3967,3422,216
3968,3423,597
3969,3424,7
3970,3425,717
3971,3426,717
3972,3427,3
3973,3428,474
3974,3429,738
3975,3430,740
3976,3431,738
3977,3432,499
3978,3433,346
3979,3434,403
3980,3435,399
3981,3436,738
3982,3437,150
3983,3438,474
3984,3439,346
3985,3440,499
3986,3441,102
3987,3442,603
3988,3443,499
3989,3443,599
3990,3443,591
3991,3444,719
3992,3445,85
3993,3445,117
3994,3446,7
3995,3447,7
3996,3448,403
3997,3449,739
3998,3450,740
3999,3451,88
4000,3451,86
4001,3452,673
4002,3453,740
4003,3454,309
4004,3455,403
4005,3456,216
4006,3456,220
4007,3457,220
4008,3458,7
4009,3459,220
4010,3459,216
4011,3460,7
4012,3461,7
4013,3462,531
4014,3463,9
4015,3464,302
4016,3465,474
4017,3466,403
4018,3467,499
4019,3468,499
4020,3469,403
4021,3470,499
4022,3471,499
4023,3472,45
4024,3473,11
4025,3474,1
4026,3475,403
4027,3476,465
4028,3477,661
4029,3478,474
4030,3479,474
4031,3480,720
4032,3481,403
4033,3482,646
4034,3483,259
4035,3483,284
4036,3483,474
4037,3483,530
4038,3484,738
4039,3485,474
4040,3486,403
4041,3487,292
4042,3488,499
4043,3489,467
4044,3490,9
4045,3491,474
4046,3492,474
4047,3493,7
4048,3494,499
4049,3495,499
4050,3496,473
4051,3497,346
4052,3498,239
4053,3499,424
4054,3500,237
4055,3501,322
4056,3502,381
4057,3503,346
4058,3504,698
4059,3505,499
4060,3506,615
4061,3507,602
4062,3508,173
4063,3509,403
4064,3510,499
4065,3511,239
4066,3512,474
4067,3513,302
4068,3514,342
4069,3515,369
4070,3516,474
4071,3517,459
4072,3518,521
4073,3519,499
4074,3520,530
4075,3521,7
4076,3522,7
4077,3523,7
4078,3524,7
4079,3525,220
4080,3526,216
4081,3527,220
4082,3528,220
4083,3529,220
4084,3530,7
4085,3531,7
4086,3532,7
4087,3533,7
4088,3534,7
4089,3535,740
4090,3536,722
4091,3537,1
4092,3538,7
4093,3539,237
4094,3540,499
4095,3541,6
4096,3542,295
4097,3543,403
4098,3544,235
4099,3545,403
4100,3546,6
4101,3547,152
4102,3548,403
4103,3549,466
4104,3549,474
4105,3550,474
4106,3550,6
4107,3551,499
4108,3552,7
4109,3553,498
4110,3554,498
4111,3555,5
4112,3556,3
4113,3557,295
4114,3558,498
4115,3559,0
4116,3560,295
4117,3561,10
4118,3562,1
4119,3563,1
4120,3564,1
4121,3565,1
4122,3566,6
4123,3567,529
4124,3568,239
4125,3569,1
4126,3570,7
4127,3571,7
4128,3572,7
4129,3573,1
4130,3574,6
4131,3575,7
