,cod_worker,cod_music,cod_album
0,0,1416,309
1,1,1211,908
2,2,1416,1313
3,3,1416,806
4,4,119,908
5,5,1416,908
6,6,1315,908
7,7,317,908
8,8,596,908
9,9,1954,908
10,9,698,908
11,10,1975,908
12,11,1836,908
13,12,330,908
14,13,588,908
15,13,2097,908
16,13,1996,908
17,13,1852,908
18,13,318,908
19,14,716,908
20,15,825,908
21,16,1032,908
22,17,370,908
23,18,1416,908
24,19,118,908
25,20,947,908
26,21,941,908
27,22,204,908
28,23,1847,908
29,24,2122,908
30,24,1163,908
31,25,1195,908
32,26,250,908
33,27,1941,908
34,28,763,908
35,28,1416,908
36,29,1216,908
37,30,1465,908
38,31,602,908
39,32,1917,908
40,33,1070,908
41,34,1159,908
42,35,1485,908
43,36,564,908
44,37,667,908
45,38,2249,908
46,39,1263,908
47,40,282,908
48,41,25,908
49,42,1416,114
50,43,1735,908
51,44,553,908
52,45,1416,314
53,46,2011,908
54,47,1416,559
55,48,1416,615
56,49,1416,1009
57,50,1416,509
58,51,1416,644
59,52,499,908
60,52,262,908
61,53,562,908
62,53,1416,908
63,54,57,908
64,55,233,908
65,56,1416,680
66,57,1269,908
67,58,426,908
68,59,1416,908
69,59,1138,908
70,60,1416,108
71,61,1527,908
72,62,1819,908
73,63,1935,908
74,64,398,908
75,65,1416,1300
76,66,1416,228
77,67,1416,560
78,68,1464,908
79,69,2239,908
80,70,966,908
81,71,1416,908
82,72,1,908
83,73,30,908
84,74,1416,1273
85,75,1416,853
86,76,1868,908
87,77,1416,581
88,78,729,908
89,79,1686,908
90,80,2253,908
91,81,1154,908
92,82,1908,908
93,83,1416,886
94,84,1575,908
95,85,1416,914
96,86,412,908
97,87,1416,908
98,88,1385,908
99,89,368,908
100,90,1416,908
101,91,1416,34
102,91,1416,807
103,92,1515,908
104,93,620,908
105,93,130,908
106,93,1416,1229
107,93,1430,908
108,93,1416,908
109,93,1416,1275
110,93,2079,908
111,93,1416,391
112,93,446,908
113,93,349,908
114,94,1840,908
115,95,1416,125
116,96,1574,908
117,96,1416,1173
118,97,344,908
119,98,1682,908
120,99,1716,908
121,100,1416,945
122,101,1416,165
123,102,592,908
124,103,882,908
125,104,1521,908
126,104,1864,908
127,105,1139,908
128,106,1416,627
129,107,1112,908
130,108,23,908
131,109,89,908
132,110,765,908
133,110,1416,355
134,111,1416,713
135,112,1416,842
136,113,2120,908
137,114,1230,908
138,115,1249,908
139,115,410,908
140,116,1025,908
141,117,1416,135
142,118,197,908
143,119,1416,1555
144,119,1416,345
145,120,1492,908
146,121,1416,1411
147,122,896,908
148,123,1416,1062
149,123,745,908
150,124,1416,908
151,125,996,908
152,125,1364,908
153,126,1416,1603
154,127,1416,1049
155,128,1416,955
156,129,1104,908
157,130,1416,908
158,131,1416,857
159,132,1416,433
160,133,1347,908
161,134,1416,1250
162,134,1416,999
163,135,935,908
164,136,1416,20
165,137,348,908
166,138,1416,48
167,139,934,908
168,140,1984,908
169,141,1255,908
170,142,56,908
171,143,1416,908
172,143,1091,908
173,143,282,908
174,144,1416,21
175,145,931,908
176,145,2127,908
177,145,2134,908
178,146,768,908
179,147,1416,211
180,148,1416,1102
181,149,2103,908
182,149,1416,908
183,149,1165,908
184,150,1416,834
185,151,1416,908
186,152,1416,746
187,153,290,908
188,153,561,908
189,153,1998,908
190,154,1416,606
191,155,439,908
192,155,1416,1183
193,155,1416,1352
194,155,1650,908
195,155,192,908
196,155,908,908
197,155,629,908
198,156,299,908
199,157,1416,908
200,158,1416,908
201,158,142,908
202,159,1416,516
203,160,1416,1166
204,161,1416,908
205,161,1416,1095
206,162,2256,908
207,163,1416,859
208,164,1416,1136
209,165,1784,908
210,166,792,908
211,167,1416,1148
212,168,1416,212
213,169,1416,145
214,170,1416,174
215,171,1416,380
216,172,813,908
217,173,10,908
218,174,1416,544
219,175,1416,1518
220,176,1307,908
221,177,184,908
222,178,1130,908
223,179,1416,1086
224,180,1416,50
225,181,1205,908
226,182,1416,486
227,183,1416,1331
228,184,787,908
229,184,2076,908
230,184,1416,908
231,184,1667,908
232,184,40,908
233,184,1416,1278
234,185,1116,908
235,186,1416,908
236,187,1416,861
237,188,325,908
238,189,1416,1068
239,190,46,908
240,191,1901,908
241,192,1416,908
242,193,1097,908
243,193,464,908
244,193,309,908
245,194,631,908
246,195,1416,715
247,196,1416,88
248,197,1416,876
249,198,1446,908
250,199,1379,908
251,200,2081,908
252,201,96,908
253,201,81,908
254,202,936,908
255,203,1416,488
256,204,1416,1470
257,205,1416,1123
258,205,1416,517
259,206,66,908
260,206,525,908
261,206,861,908
262,207,1416,908
263,208,1416,381
264,209,1382,908
265,210,170,908
266,210,1416,583
267,211,1416,1289
268,212,1416,1077
269,213,240,908
270,214,1416,519
271,215,1416,908
272,216,608,908
273,217,1126,908
274,217,641,908
275,218,848,908
276,219,1416,1143
277,220,1520,908
278,221,1416,1499
279,222,1416,908
280,223,1416,908
281,224,458,908
282,224,1416,1423
283,225,2124,908
284,226,278,908
285,227,984,908
286,228,1016,908
287,229,1765,908
288,230,1416,908
289,231,884,908
290,232,2216,908
291,233,1733,908
292,234,1416,1126
293,235,1978,908
294,236,924,908
295,237,132,908
296,238,1416,83
297,239,1416,535
298,239,752,908
299,240,1416,1593
300,241,1416,377
301,242,1416,261
302,242,390,908
303,243,2,908
304,244,1416,16
305,245,1920,908
306,245,1416,908
307,246,1416,327
308,246,1416,1442
309,246,1416,846
310,247,1262,908
311,248,758,908
312,249,1388,908
313,250,1879,908
314,251,1416,908
315,252,2136,908
316,253,82,908
317,254,968,908
318,255,1416,330
319,256,645,908
320,257,1416,1011
321,258,1416,1477
322,259,1988,908
323,260,1416,731
324,261,1416,576
325,262,1416,1539
326,263,1416,1503
327,263,1317,908
328,263,657,908
329,263,1416,337
330,264,1416,478
331,265,1416,157
332,265,940,908
333,265,4,908
334,265,1416,41
335,265,1155,908
336,266,1041,908
337,266,1311,908
338,267,1416,908
339,268,130,908
340,268,1173,908
341,269,1416,908
342,270,1416,608
343,271,1416,1156
344,271,769,908
345,272,1872,908
346,273,1845,908
347,274,437,908
348,275,1416,201
349,276,1323,908
350,277,995,908
351,278,1416,562
352,278,1323,908
353,279,401,908
354,280,1615,908
355,281,1416,524
356,282,1467,908
357,282,1229,908
358,283,727,908
359,284,1416,908
360,285,676,908
361,286,974,908
362,286,1793,908
363,287,1416,1317
364,287,1416,1543
365,288,1782,908
366,289,1416,553
367,290,1416,908
368,291,1006,908
369,292,1416,848
370,293,121,908
371,294,263,908
372,295,1416,908
373,296,1416,172
374,297,1416,908
375,298,1416,908
376,299,1416,766
377,300,1416,349
378,301,1555,908
379,302,1416,1069
380,303,1720,908
381,304,1416,650
382,305,781,908
383,306,2058,908
384,306,847,908
385,306,1416,1350
386,307,1473,908
387,307,297,908
388,307,718,908
389,307,1054,908
390,307,1416,490
391,307,389,908
392,308,1416,908
393,309,1196,908
394,310,1416,506
395,311,1416,908
396,312,231,908
397,313,1416,515
398,314,1558,908
399,314,1416,908
400,315,88,908
401,316,1416,1053
402,316,1416,68
403,317,1469,908
404,318,1416,966
405,319,1218,908
406,320,1416,527
407,320,1416,908
408,321,1416,908
409,322,1416,1297
410,322,1134,908
411,322,570,908
412,323,980,908
413,324,418,908
414,325,1416,313
415,325,1416,908
416,326,1416,1484
417,327,1416,812
418,328,1416,1023
419,329,1416,273
420,330,443,908
421,331,444,908
422,331,1747,908
423,332,1437,908
424,333,2037,908
425,334,989,908
426,335,1416,908
427,336,13,908
428,337,670,908
429,338,84,908
430,339,16,908
431,340,1416,908
432,341,415,908
433,342,1416,1181
434,342,1416,525
435,343,1416,556
436,344,1346,908
437,345,1399,908
438,346,205,908
439,347,2238,908
440,347,1774,908
441,348,1416,421
442,348,1616,908
443,348,1830,908
444,348,1416,833
445,348,510,908
446,349,244,908
447,350,419,908
448,350,1768,908
449,351,1691,908
450,352,1055,908
451,353,191,908
452,354,1044,908
453,355,1491,908
454,355,1764,908
455,356,1808,908
456,357,1416,1151
457,358,1416,124
458,358,1839,908
459,358,1050,908
460,359,1416,475
461,360,1416,1333
462,361,1416,522
463,362,1708,908
464,362,1416,584
465,362,1416,1426
466,362,1416,209
467,362,1817,908
468,362,1033,908
469,363,1416,257
470,364,1123,908
471,365,2055,908
472,366,1416,908
473,367,1334,908
474,368,1416,469
475,369,1538,908
476,369,1416,908
477,370,1416,497
478,370,1875,908
479,371,936,908
480,372,1076,908
481,372,1074,908
482,373,1416,882
483,374,1416,1090
484,375,1220,908
485,376,1209,908
486,377,281,908
487,377,1416,244
488,378,586,908
489,379,1392,908
490,379,373,908
491,380,516,908
492,381,1416,908
493,382,1416,908
494,383,1416,908
495,384,1416,98
496,385,1416,1101
497,386,1416,1433
498,387,1416,590
499,388,1801,908
500,389,826,908
501,390,1382,908
502,391,823,908
503,392,219,908
504,392,1921,908
505,392,518,908
506,393,1319,908
507,394,1416,140
508,395,1416,1223
509,396,1416,908
510,397,406,908
511,397,1664,908
512,397,914,908
513,397,1416,758
514,398,1496,908
515,399,1416,358
516,400,1999,908
517,401,1416,1163
518,402,1416,1256
519,403,565,908
520,404,327,908
521,405,1089,908
522,406,1535,908
523,407,1416,908
524,408,1416,1182
525,409,1416,531
526,410,1416,12
527,410,1288,908
528,410,1598,908
529,411,1416,832
530,412,2241,908
531,412,1688,908
532,413,1638,908
533,414,1416,908
534,414,1518,908
535,415,1416,69
536,416,1416,908
537,417,691,908
538,418,1352,908
539,419,1794,908
540,420,538,908
541,421,1416,1395
542,422,1416,1394
543,422,1416,634
544,422,1416,1006
545,422,1416,1348
546,422,1416,908
547,422,1472,908
548,422,1416,1029
549,422,372,908
550,422,1416,1446
551,423,1416,1293
552,424,2096,908
553,425,916,908
554,426,1440,908
555,427,1416,308
556,428,1778,908
557,429,2157,908
558,430,482,908
559,431,1416,120
560,432,1939,908
561,433,2105,908
562,434,2130,908
563,435,1416,1113
564,436,1416,173
565,437,1416,664
566,438,276,908
567,439,1805,908
568,440,1416,250
569,441,1834,908
570,441,1416,39
571,442,1416,1599
572,443,1820,908
573,443,1416,957
574,444,1416,788
575,445,431,908
576,446,1416,133
577,446,1060,908
578,446,1222,908
579,447,1416,324
580,448,1416,1553
581,449,1554,908
582,450,1416,1377
583,451,1257,908
584,452,1416,908
585,453,1523,908
586,454,1416,1367
587,455,1394,908
588,456,1416,1050
589,457,877,908
590,458,1870,908
591,459,1416,908
592,459,1416,44
593,460,21,908
594,461,12,908
595,462,1416,1246
596,463,1416,80
597,464,1416,1306
598,465,574,908
599,466,1416,908
600,467,1416,908
601,468,843,908
602,469,1416,908
603,469,37,908
604,469,193,908
605,469,369,908
606,470,1883,908
607,471,1416,13
608,472,1416,450
609,473,1416,303
610,473,1416,825
611,474,1416,1024
612,475,1416,493
613,476,1416,398
614,477,1416,15
615,478,1416,1149
616,479,1416,813
617,480,1416,144
618,481,805,908
619,482,172,908
620,483,1416,15
621,484,1416,202
622,485,1019,908
623,486,2201,908
624,486,291,908
625,487,1416,908
626,488,286,908
627,489,1715,908
628,490,1170,908
629,491,1416,962
630,492,1416,223
631,493,669,908
632,494,1416,1321
633,495,610,908
634,495,2083,908
635,495,1416,665
636,495,1416,1247
637,495,830,908
638,496,1329,908
639,496,702,908
640,497,102,908
641,498,619,908
642,498,1696,908
643,499,1416,1392
644,500,1416,446
645,501,60,908
646,502,1416,605
647,503,1416,1093
648,504,1416,1454
649,505,1416,1191
650,506,1416,1044
651,507,275,908
652,508,1416,447
653,509,1416,987
654,509,1416,908
655,510,361,908
656,511,1416,242
657,512,1416,270
658,512,1416,891
659,513,846,908
660,514,1416,363
661,515,1416,369
662,516,1416,414
663,517,686,908
664,518,174,908
665,519,1416,643
666,520,1416,997
667,520,1416,33
668,521,1416,1595
669,522,1416,631
670,523,1630,908
671,524,1416,989
672,524,1309,908
673,524,1416,1307
674,524,831,908
675,525,1390,908
676,526,1416,196
677,526,1777,908
678,527,1092,908
679,528,453,908
680,529,1416,395
681,530,1416,241
682,531,1416,1572
683,532,1277,908
684,532,795,908
685,533,801,908
686,534,1416,1196
687,535,266,908
688,536,1416,1505
689,537,541,908
690,538,1964,908
691,539,1416,727
692,539,1416,302
693,540,1416,1238
694,541,1859,908
695,542,1416,158
696,543,1416,748
697,543,2080,908
698,543,1416,84
699,544,683,908
700,545,2080,908
701,546,1416,470
702,547,1416,908
703,548,1416,315
704,549,1416,35
705,550,1500,908
706,551,1414,908
707,552,1416,908
708,552,1416,206
709,552,1426,908
710,552,1243,908
711,552,269,908
712,552,746,908
713,552,912,908
714,553,1327,908
715,554,1197,908
716,555,1416,1218
717,556,1416,1361
718,557,1326,908
719,558,1368,908
720,558,27,908
721,558,569,908
722,559,1416,1490
723,560,153,908
724,561,1416,137
725,562,1416,908
726,562,190,908
727,563,1416,46
728,564,393,908
729,564,1517,908
730,565,928,908
731,566,1416,66
732,567,1416,182
733,568,2072,908
734,569,1416,1117
735,570,1416,1316
736,571,1416,908
737,572,820,908
738,573,1416,255
739,574,609,908
740,575,1416,753
741,576,1416,1193
742,577,1416,272
743,578,1752,908
744,579,399,908
745,580,2066,908
746,581,1416,620
747,582,1416,908
748,583,469,908
749,583,1416,607
750,583,1462,908
751,584,2162,908
752,585,1031,908
753,586,1169,908
754,587,1416,908
755,587,1416,1292
756,588,1416,908
757,589,2020,908
758,590,1416,1535
759,591,1416,908
760,592,1416,826
761,593,1416,824
762,594,1581,908
763,595,1416,908
764,596,1416,1274
765,596,1980,908
766,597,225,908
767,598,572,908
768,599,293,908
769,600,2162,908
770,601,2220,908
771,602,1416,838
772,603,1416,663
773,604,498,908
774,605,1416,1285
775,606,1416,1083
776,607,1416,888
777,607,747,908
778,607,1455,908
779,607,2206,908
780,607,1416,958
781,607,1416,908
782,607,974,908
783,608,274,908
784,609,1112,908
785,610,1416,710
786,611,267,908
787,612,2086,908
788,613,1663,908
789,614,1238,908
790,615,476,908
791,616,1370,908
792,617,1005,908
793,618,1416,609
794,619,1193,908
795,620,1416,658
796,621,1416,1459
797,621,11,908
798,622,1416,908
799,623,17,908
800,624,909,908
801,624,1427,908
802,624,1489,908
803,625,1416,641
804,625,61,908
805,626,138,908
806,627,1416,183
807,627,1416,1326
808,628,2020,908
809,628,1416,636
810,629,2022,908
811,630,214,908
812,631,1416,1528
813,631,1753,908
814,632,2042,908
815,633,1416,1533
816,633,1427,908
817,634,913,908
818,634,1416,193
819,635,571,908
820,636,1416,1577
821,636,1248,908
822,636,728,908
823,637,1416,992
824,638,1416,885
825,639,2098,908
826,640,1059,908
827,641,573,908
828,642,1851,908
829,643,1673,908
830,643,1602,908
831,644,1416,681
832,645,1416,143
833,646,1416,505
834,646,1172,908
835,646,1416,908
836,647,282,908
837,648,1416,723
838,649,1685,908
839,650,327,908
840,651,688,908
841,652,1416,908
842,653,1772,908
843,653,1947,908
844,653,1525,908
845,654,576,908
846,655,1416,10
847,655,1416,413
848,655,1416,1290
849,656,2150,908
850,657,671,908
851,658,1413,908
852,659,1296,908
853,660,1416,1208
854,661,2141,908
855,661,1416,1073
856,662,1416,908
857,663,1416,908
858,664,1093,908
859,665,378,908
860,665,1416,908
861,666,785,908
862,667,279,908
863,668,1416,67
864,669,2197,908
865,669,1416,870
866,669,1619,908
867,670,1416,1493
868,671,1416,1349
869,672,787,908
870,673,1416,908
871,674,1509,908
872,675,1000,908
873,676,2181,908
874,677,1416,767
875,678,2058,908
876,679,1416,409
877,680,1416,438
878,681,1416,897
879,682,1717,908
880,683,1416,1381
881,683,1914,908
882,684,1579,908
883,685,1416,1563
884,686,862,908
885,686,887,908
886,687,866,908
887,688,1416,388
888,689,1416,530
889,690,1416,908
890,691,1164,908
891,691,1807,908
892,692,1416,243
893,693,1416,500
894,694,1416,908
895,694,1406,908
896,695,1320,908
897,695,1416,1203
898,695,2226,908
899,696,1298,908
900,697,1416,908
901,698,1885,908
902,699,139,908
903,700,900,908
904,701,1389,908
905,702,965,908
906,703,1240,908
907,704,1416,943
908,705,1416,908
909,706,1416,908
910,707,1253,908
911,708,1416,1079
912,709,1416,73
913,710,2026,908
914,711,453,908
915,712,1416,908
916,713,1416,17
917,713,1416,1119
918,714,1416,614
919,714,1416,835
920,715,1416,1365
921,716,1416,551
922,716,448,908
923,717,2089,908
924,718,1416,492
925,719,1625,908
926,720,9,908
927,721,1416,827
928,722,2174,908
929,722,1416,1026
930,723,480,908
931,724,2028,908
932,725,876,908
933,726,1416,403
934,727,1416,894
935,728,1416,908
936,728,1416,520
937,728,858,908
938,728,402,908
939,728,521,908
940,728,222,908
941,729,558,908
942,729,251,908
943,729,141,908
944,730,399,908
945,731,1416,804
946,732,1416,29
947,732,1416,865
948,732,1416,475
949,732,1416,908
950,732,2092,908
951,732,1416,494
952,732,232,908
953,733,1416,405
954,734,1416,1084
955,735,1417,908
956,736,1506,908
957,737,1416,653
958,738,1416,908
959,739,991,908
960,740,1416,675
961,741,1416,908
962,741,1126,908
963,742,1416,622
964,743,1416,1443
965,744,1416,1091
966,744,1414,908
967,744,1416,45
968,744,1416,529
969,745,1416,79
970,746,2171,908
971,747,2173,908
972,748,2138,908
973,749,22,908
974,750,1156,908
975,750,1416,656
976,751,1892,908
977,751,1416,652
978,751,1973,908
979,751,445,908
980,751,1563,908
981,751,617,908
982,751,1242,908
983,752,159,908
984,753,1416,849
985,754,2246,908
986,755,1416,1469
987,756,2094,908
988,757,1416,385
989,758,1416,818
990,759,1416,859
991,760,1617,908
992,761,87,908
993,762,1918,908
994,762,1416,1158
995,762,734,908
996,763,1669,908
997,764,1416,908
998,765,2059,908
999,766,888,908
1000,767,240,908
1001,768,1416,553
1002,769,1416,1330
1003,770,1416,908
1004,771,1416,198
1005,772,1994,908
1006,772,1416,1110
1007,773,1416,64
1008,773,2184,908
1009,774,1416,908
1010,774,2116,908
1011,775,705,908
1012,776,2242,908
1013,776,2156,908
1014,777,1416,908
1015,778,179,908
1016,779,1416,99
1017,779,1416,1157
1018,779,1416,918
1019,780,1416,704
1020,780,2225,908
1021,781,1416,59
1022,782,1391,908
1023,783,1416,908
1024,784,1416,1602
1025,785,298,908
1026,786,1416,386
1027,787,1375,908
1028,787,1416,908
1029,788,1416,908
1030,789,1416,538
1031,790,1416,642
1032,791,902,908
1033,792,1890,908
1034,792,1148,908
1035,792,838,908
1036,793,1416,74
1037,794,907,908
1038,795,1586,908
1039,796,1659,908
1040,797,1837,908
1041,797,1234,908
1042,798,764,908
1043,799,1270,908
1044,799,527,908
1045,799,1416,908
1046,799,28,908
1047,800,1416,908
1048,801,1642,908
1049,802,1371,908
1050,803,1416,1105
1051,804,2144,908
1052,804,601,908
1053,804,1416,923
1054,804,1626,908
1055,805,1416,320
1056,806,1416,908
1057,807,2052,908
1058,808,1416,318
1059,809,840,908
1060,810,1416,350
1061,810,1416,1071
1062,810,1416,1389
1063,811,1416,1340
1064,811,1416,545
1065,812,1022,908
1066,813,1416,908
1067,814,2111,908
1068,815,1416,908
1069,816,1416,1388
1070,817,1040,908
1071,818,1416,908
1072,819,199,908
1073,819,1416,1452
1074,819,1416,1398
1075,819,465,908
1076,819,2089,908
1077,819,1522,908
1078,819,532,908
1079,819,1532,908
1080,820,1069,908
1081,821,1416,702
1082,821,1416,1409
1083,822,490,908
1084,822,1416,908
1085,823,43,908
1086,823,2084,908
1087,824,1416,1485
1088,825,944,908
1089,826,1094,908
1090,827,1416,908
1091,828,2024,908
1092,829,859,908
1093,829,1108,908
1094,829,1416,908
1095,830,1705,908
1096,831,1416,797
1097,832,1416,512
1098,833,1416,1380
1099,834,1687,908
1100,835,14,908
1101,836,2013,908
1102,837,163,908
1103,838,1416,1159
1104,839,1738,908
1105,840,1416,908
1106,841,1416,1576
1107,841,1416,972
1108,842,2043,908
1109,843,2093,908
1110,844,1137,908
1111,844,1702,908
1112,845,1416,1320
1113,845,1416,1468
1114,846,1225,908
1115,847,1595,908
1116,848,394,908
1117,849,1043,908
1118,850,1416,791
1119,851,212,908
1120,852,2008,908
1121,853,1932,908
1122,854,1416,971
1123,855,1416,908
1124,856,1268,908
1125,856,1416,1510
1126,857,1416,1160
1127,858,1416,357
1128,859,1416,904
1129,859,2247,908
1130,860,1416,1428
1131,861,1416,510
1132,862,1416,696
1133,863,1416,670
1134,863,1416,908
1135,864,1416,908
1136,864,1902,908
1137,864,1562,908
1138,864,1470,908
1139,864,1416,233
1140,864,1416,516
1141,864,83,908
1142,865,1416,970
1143,866,221,908
1144,867,306,908
1145,867,1416,908
1146,868,1260,908
1147,869,2143,908
1148,870,286,908
1149,870,1416,1580
1150,871,1416,37
1151,872,277,908
1152,873,1416,908
1153,873,1416,1536
1154,874,711,908
1155,874,1435,908
1156,875,1416,959
1157,876,1289,908
1158,877,1950,908
1159,878,1603,908
1160,879,1416,908
1161,880,1416,839
1162,880,1416,77
1163,880,1416,1179
1164,880,1355,908
1165,881,1416,1269
1166,881,1416,1507
1167,882,1416,247
1168,883,591,908
1169,884,1416,908
1170,885,1416,816
1171,886,255,908
1172,886,1416,1263
1173,887,720,908
1174,888,2031,908
1175,889,625,908
1176,890,611,908
1177,891,1416,457
1178,892,1416,906
1179,893,1762,908
1180,894,1416,1
1181,895,824,908
1182,896,515,908
1183,897,1416,908
1184,898,1516,908
1185,899,1416,306
1186,900,970,908
1187,901,2235,908
1188,902,1416,908
1189,903,1791,908
1190,904,1416,1190
1191,905,1416,908
1192,906,1785,908
1193,907,1416,908
1194,908,1416,811
1195,909,393,908
1196,910,1430,908
1197,911,90,908
1198,912,1416,1120
1199,913,507,908
1200,914,1409,908
1201,915,1766,908
1202,916,2175,908
1203,917,886,908
1204,918,1507,908
1205,919,1272,908
1206,920,1416,624
1207,921,1416,908
1208,922,536,908
1209,923,1416,908
1210,924,133,908
1211,925,2168,908
1212,926,2112,908
1213,926,1416,1384
1214,927,1416,1538
1215,927,1416,850
1216,928,2106,908
1217,929,1694,908
1218,930,1416,1107
1219,931,919,908
1220,932,1416,851
1221,933,2074,908
1222,934,938,908
1223,935,1416,240
1224,936,1451,908
1225,936,1756,908
1226,937,2213,908
1227,938,453,908
1228,939,1112,908
1229,940,1416,908
1230,941,1416,908
1231,942,1937,908
1232,943,1415,908
1233,943,1502,908
1234,944,2089,908
1235,945,2033,908
1236,946,1416,908
1237,947,1416,878
1238,948,1416,105
1239,948,776,908
1240,949,1416,258
1241,950,1095,908
1242,951,847,908
1243,952,1416,229
1244,953,1416,908
1245,954,114,908
1246,955,1416,628
1247,956,1416,855
1248,957,1416,1390
1249,958,2185,908
1250,959,1416,981
1251,960,1416,439
1252,961,1416,829
1253,962,1416,1445
1254,963,1416,634
1255,964,1416,908
1256,964,2200,908
1257,965,1612,908
1258,966,1416,705
1259,967,1416,908
1260,968,248,908
1261,969,1416,1014
1262,970,1416,207
1263,971,1411,908
1264,972,407,908
1265,973,562,908
1266,973,1416,1131
1267,974,1416,616
1268,975,1416,677
1269,976,1416,1473
1270,977,1573,908
1271,978,1416,1163
1272,979,1877,908
1273,980,2210,908
1274,981,1416,1513
1275,982,1416,1172
1276,983,1416,1500
1277,984,2001,908
1278,985,55,908
1279,986,1416,286
1280,987,1416,1040
1281,988,1256,908
1282,989,1416,908
1283,990,1416,1424
1284,991,964,908
1285,992,1416,908
1286,993,1416,908
1287,994,788,908
1288,994,2212,908
1289,994,1111,908
1290,995,1416,111
1291,995,1855,908
1292,995,1416,167
1293,996,1387,908
1294,997,1416,1487
1295,998,1926,908
1296,999,1416,443
1297,1000,1416,908
1298,1000,1109,908
1299,1001,1416,908
1300,1001,1416,1344
1301,1001,1685,908
1302,1001,2025,908
1303,1002,1404,908
1304,1003,993,908
1305,1004,1770,908
1306,1004,1416,238
1307,1004,1192,908
1308,1005,677,908
1309,1006,1416,908
1310,1007,1416,427
1311,1008,1416,284
1312,1009,1855,908
1313,1010,620,908
1314,1011,1293,908
1315,1012,1029,908
1316,1013,1416,908
1317,1014,1351,908
1318,1015,1416,1059
1319,1016,1779,908
1320,1017,1324,908
1321,1018,1554,908
1322,1019,961,908
1323,1019,1416,1359
1324,1020,1416,1581
1325,1021,1416,1060
1326,1021,1624,908
1327,1021,1498,908
1328,1022,1416,908
1329,1023,575,908
1330,1024,1416,47
1331,1025,1278,908
1332,1026,1416,54
1333,1027,1416,55
1334,1028,117,908
1335,1029,1543,908
1336,1030,1416,565
1337,1031,1416,1045
1338,1032,1416,1099
1339,1033,2166,908
1340,1034,365,908
1341,1035,1813,908
1342,1035,1416,908
1343,1036,1874,908
1344,1036,1136,908
1345,1036,1416,1153
1346,1037,1416,1133
1347,1038,1416,1097
1348,1039,1416,117
1349,1040,1416,1376
1350,1041,689,908
1351,1042,1416,1481
1352,1043,1416,1437
1353,1044,1416,1373
1354,1045,1064,908
1355,1046,1416,51
1356,1047,1416,908
1357,1048,598,908
1358,1048,1199,908
1359,1049,1035,908
1360,1050,1727,908
1361,1051,1416,908
1362,1052,1021,908
1363,1052,1416,908
1364,1053,1416,399
1365,1054,1514,908
1366,1054,513,908
1367,1055,1416,908
1368,1055,1948,908
1369,1055,1910,908
1370,1056,1416,567
1371,1056,1416,908
1372,1057,1026,908
1373,1058,1734,908
1374,1058,1416,1427
1375,1059,442,908
1376,1060,685,908
1377,1061,157,908
1378,1062,1416,1559
1379,1063,97,908
1380,1064,1416,908
1381,1065,228,908
1382,1066,1416,1382
1383,1067,319,908
1384,1068,1416,1108
1385,1068,1833,908
1386,1068,1442,908
1387,1068,1723,908
1388,1068,1416,908
1389,1069,230,908
1390,1070,1301,908
1391,1071,107,908
1392,1072,682,908
1393,1072,1416,1521
1394,1072,1416,1506
1395,1072,1416,908
1396,1073,1416,908
1397,1074,1416,1199
1398,1075,1416,908
1399,1075,646,908
1400,1076,424,908
1401,1076,1533,908
1402,1076,2015,908
1403,1076,1416,210
1404,1077,1416,990
1405,1077,1416,185
1406,1077,2203,908
1407,1078,1416,777
1408,1078,2137,908
1409,1078,1781,908
1410,1078,951,908
1411,1078,1465,908
1412,1078,860,908
1413,1078,1235,908
1414,1078,308,908
1415,1078,692,908
1416,1079,213,908
1417,1080,58,908
1418,1080,1537,908
1419,1081,1700,908
1420,1082,261,908
1421,1083,1416,1027
1422,1084,1416,297
1423,1085,1416,1486
1424,1086,945,908
1425,1087,1660,908
1426,1088,1186,908
1427,1089,1416,166
1428,1089,146,908
1429,1090,1416,199
1430,1091,65,908
1431,1092,2193,908
1432,1093,479,908
1433,1094,1416,754
1434,1095,1416,908
1435,1096,1382,908
1436,1097,216,908
1437,1098,1416,294
1438,1099,1416,222
1439,1100,312,908
1440,1100,1416,908
1441,1101,1416,598
1442,1102,1416,1147
1443,1103,1416,358
1444,1104,851,908
1445,1105,1416,912
1446,1106,1416,908
1447,1107,628,908
1448,1108,1380,908
1449,1109,1416,937
1450,1110,1754,908
1451,1110,2013,908
1452,1111,1416,920
1453,1112,1416,932
1454,1113,1416,15
1455,1114,1416,908
1456,1115,1047,908
1457,1115,1989,908
1458,1115,1481,908
1459,1116,1416,1054
1460,1117,872,908
1461,1118,1416,974
1462,1119,1337,908
1463,1120,1416,910
1464,1121,1416,1420
1465,1122,2036,908
1466,1123,1416,908
1467,1124,1416,1412
1468,1125,2189,908
1469,1126,1895,908
1470,1127,1416,1371
1471,1128,1416,516
1472,1129,1416,352
1473,1130,1416,908
1474,1131,1416,292
1475,1131,793,908
1476,1132,1844,908
1477,1133,1416,908
1478,1134,797,908
1479,1135,1662,908
1480,1136,701,908
1481,1136,1991,908
1482,1137,1416,588
1483,1138,1416,1074
1484,1139,449,908
1485,1140,62,908
1486,1141,1416,1281
1487,1142,1416,195
1488,1143,1416,1561
1489,1144,1709,908
1490,1145,195,908
1491,1145,1416,474
1492,1146,1416,1139
1493,1147,1690,908
1494,1148,7,908
1495,1149,1228,908
1496,1149,1416,225
1497,1150,2227,908
1498,1151,1919,908
1499,1152,1416,406
1500,1153,1676,908
1501,1153,194,908
1502,1154,1416,101
1503,1154,1416,908
1504,1154,1416,1076
1505,1155,1088,908
1506,1155,737,908
1507,1156,1416,712
1508,1156,822,908
1509,1156,1174,908
1510,1156,2092,908
1511,1156,1416,141
1512,1156,1416,321
1513,1157,1416,78
1514,1157,1416,763
1515,1158,1416,549
1516,1159,475,908
1517,1160,2008,908
1518,1161,1416,660
1519,1162,794,908
1520,1163,1416,908
1521,1164,1138,908
1522,1165,987,908
1523,1166,1416,908
1524,1167,1416,1461
1525,1168,1474,908
1526,1169,1231,908
1527,1170,1416,908
1528,1171,1613,908
1529,1172,1911,908
1530,1173,584,908
1531,1173,2234,908
1532,1173,1416,632
1533,1173,1416,288
1534,1173,1102,908
1535,1173,2254,908
1536,1174,1416,484
1537,1175,1416,76
1538,1176,1877,908
1539,1177,108,908
1540,1178,1416,1034
1541,1179,1416,339
1542,1180,1416,245
1543,1181,1416,521
1544,1182,326,908
1545,1183,1569,908
1546,1184,1416,1020
1547,1185,1416,874
1548,1186,715,908
1549,1187,2196,908
1550,1187,1447,908
1551,1187,1962,908
1552,1188,396,908
1553,1188,1416,908
1554,1189,1416,908
1555,1190,1416,3
1556,1191,111,908
1557,1192,1443,908
1558,1193,1963,908
1559,1194,1416,542
1560,1195,1493,908
1561,1196,1416,705
1562,1197,1416,908
1563,1198,2109,908
1564,1199,1542,908
1565,1200,1463,908
1566,1201,998,908
1567,1202,1416,354
1568,1203,1179,908
1569,1204,700,908
1570,1204,1724,908
1571,1204,1632,908
1572,1205,1416,261
1573,1205,1416,908
1574,1205,1878,908
1575,1206,493,908
1576,1207,735,908
1577,1208,1416,323
1578,1209,1416,908
1579,1210,1416,1582
1580,1210,740,908
1581,1210,525,908
1582,1210,624,908
1583,1210,203,908
1584,1210,1416,908
1585,1210,2177,908
1586,1211,392,908
1587,1212,1416,1482
1588,1213,1416,458
1589,1214,1545,908
1590,1214,1416,1485
1591,1215,868,908
1592,1216,1416,908
1593,1217,1416,1511
1594,1218,819,908
1595,1219,272,908
1596,1220,1416,672
1597,1221,301,908
1598,1222,1416,1312
1599,1223,2087,908
1600,1223,1416,908
1601,1223,880,908
1602,1223,1976,908
1603,1223,1780,908
1604,1223,1357,908
1605,1224,1015,908
1606,1224,576,908
1607,1224,1416,1012
1608,1224,1588,908
1609,1224,1953,908
1610,1225,832,908
1611,1225,1466,908
1612,1225,1419,908
1613,1225,1416,331
1614,1225,1416,335
1615,1225,2097,908
1616,1226,1256,908
1617,1227,1416,908
1618,1228,414,908
1619,1229,1261,908
1620,1229,942,908
1621,1229,1880,908
1622,1229,336,908
1623,1230,2061,908
1624,1231,198,908
1625,1232,154,908
1626,1233,265,908
1627,1234,1416,908
1628,1235,1,908
1629,1236,1416,1597
1630,1237,1904,908
1631,1237,218,908
1632,1238,1373,908
1633,1238,131,908
1634,1239,2035,908
1635,1240,457,908
1636,1241,1534,908
1637,1242,148,908
1638,1243,1416,1573
1639,1244,113,908
1640,1245,554,908
1641,1246,1416,908
1642,1246,1416,1325
1643,1247,1959,908
1644,1248,1416,908
1645,1249,41,908
1646,1250,1416,852
1647,1251,1416,706
1648,1251,1786,908
1649,1252,1303,908
1650,1253,1416,745
1651,1254,1412,908
1652,1255,1416,908
1653,1255,1024,908
1654,1256,1416,1210
1655,1257,891,908
1656,1258,1416,1532
1657,1259,143,908
1658,1260,1416,1042
1659,1261,1416,908
1660,1261,1416,22
1661,1261,311,908
1662,1262,918,908
1663,1263,1416,908
1664,1264,1758,908
1665,1264,339,908
1666,1265,478,908
1667,1265,123,908
1668,1265,454,908
1669,1266,1416,319
1670,1267,1416,908
1671,1268,1416,1356
1672,1269,42,908
1673,1269,1780,908
1674,1269,34,908
1675,1269,1743,908
1676,1270,1416,1408
1677,1271,1408,908
1678,1272,1416,789
1679,1273,1882,908
1680,1274,1416,1039
1681,1275,428,908
1682,1275,1416,254
1683,1276,1416,1271
1684,1276,1416,1438
1685,1277,1045,908
1686,1278,1374,908
1687,1279,1504,908
1688,1280,835,908
1689,1281,1468,908
1690,1282,1416,192
1691,1283,1416,1552
1692,1283,1416,902
1693,1284,1416,121
1694,1285,952,908
1695,1286,1893,908
1696,1287,235,908
1697,1287,1416,908
1698,1288,982,908
1699,1289,1416,724
1700,1289,1416,908
1701,1289,768,908
1702,1289,1416,1522
1703,1290,1452,908
1704,1291,1628,908
1705,1292,1416,1424
1706,1293,1207,908
1707,1294,1416,1262
1708,1295,1416,982
1709,1296,1416,151
1710,1297,1416,26
1711,1298,1416,116
1712,1299,870,908
1713,1299,234,908
1714,1300,98,908
1715,1301,1416,1176
1716,1302,1416,1013
1717,1303,721,908
1718,1303,1746,908
1719,1304,1825,908
1720,1304,1341,908
1721,1305,1416,671
1722,1306,1078,908
1723,1307,1844,908
1724,1308,1745,908
1725,1309,1751,908
1726,1310,2068,908
1727,1310,1416,646
1728,1310,1658,908
1729,1311,1727,908
1730,1311,1416,633
1731,1312,347,908
1732,1313,202,908
1733,1314,1416,908
1734,1315,1416,332
1735,1316,1416,1321
1736,1317,517,908
1737,1318,1881,908
1738,1319,1416,908
1739,1320,1416,908
1740,1321,609,908
1741,1322,1416,1022
1742,1323,1416,1140
1743,1324,1416,908
1744,1324,1511,908
1745,1325,1769,908
1746,1326,1416,147
1747,1327,1416,1301
1748,1328,1416,689
1749,1329,1416,538
1750,1330,1416,1037
1751,1331,807,908
1752,1331,748,908
1753,1332,1416,898
1754,1333,1416,1234
1755,1333,1416,28
1756,1334,1416,908
1757,1335,1416,541
1758,1336,1670,908
1759,1337,330,908
1760,1338,1221,908
1761,1339,1416,1206
1762,1339,773,908
1763,1340,1495,908
1764,1341,1416,884
1765,1342,1416,977
1766,1343,1203,908
1767,1344,1416,908
1768,1345,2057,908
1769,1346,417,908
1770,1347,618,908
1771,1348,1928,908
1772,1349,1677,908
1773,1350,546,908
1774,1351,1416,775
1775,1352,1416,752
1776,1353,1026,908
1777,1354,1416,908
1778,1355,1416,1255
1779,1356,1299,908
1780,1356,80,908
1781,1356,1416,908
1782,1356,2005,908
1783,1356,739,908
1784,1357,1418,908
1785,1358,1286,908
1786,1358,1416,908
1787,1359,1416,586
1788,1360,44,908
1789,1361,1416,215
1790,1362,1416,776
1791,1363,1657,908
1792,1364,2006,908
1793,1364,1629,908
1794,1365,345,908
1795,1366,816,908
1796,1367,1416,908
1797,1368,1408,908
1798,1369,1458,908
1799,1370,780,908
1800,1371,1416,1416
1801,1372,1416,1451
1802,1373,1416,1261
1803,1373,1416,1211
1804,1374,1416,1171
1805,1375,1416,1565
1806,1376,503,908
1807,1377,1416,761
1808,1378,1416,908
1809,1379,1416,360
1810,1380,1416,635
1811,1381,1416,513
1812,1382,1416,558
1813,1383,1416,1057
1814,1384,1416,1405
1815,1385,1934,908
1816,1386,1714,908
1817,1387,1416,890
1818,1388,1057,908
1819,1389,1930,908
1820,1389,1699,908
1821,1389,1084,908
1822,1389,1927,908
1823,1389,1416,1584
1824,1389,1416,122
1825,1390,1416,755
1826,1391,158,908
1827,1392,278,908
1828,1392,1972,908
1829,1393,2115,908
1830,1394,1416,186
1831,1395,1829,908
1832,1396,270,908
1833,1397,368,908
1834,1397,1814,908
1835,1397,1176,908
1836,1397,1416,60
1837,1397,1416,30
1838,1397,2228,908
1839,1398,2107,908
1840,1399,1416,591
1841,1400,1416,908
1842,1401,1416,630
1843,1402,2118,908
1844,1403,621,908
1845,1404,1416,697
1846,1405,1513,908
1847,1406,1416,503
1848,1407,1416,1341
1849,1408,1416,1496
1850,1409,590,908
1851,1410,1416,1604
1852,1410,1416,779
1853,1410,1416,150
1854,1411,1416,908
1855,1412,1416,348
1856,1413,1383,908
1857,1414,1416,462
1858,1415,1416,1231
1859,1416,1623,908
1860,1417,1146,908
1861,1418,1416,1304
1862,1419,1328,908
1863,1420,1416,109
1864,1420,1416,495
1865,1420,1416,38
1866,1420,1416,930
1867,1420,733,908
1868,1421,1416,613
1869,1422,2198,908
1870,1423,1416,1164
1871,1424,1730,908
1872,1425,356,908
1873,1426,1564,908
1874,1427,1416,1360
1875,1428,1384,908
1876,1429,1416,601
1877,1430,294,908
1878,1431,1237,908
1879,1432,1416,908
1880,1433,1416,152
1881,1434,421,908
1882,1435,1800,908
1883,1435,566,908
1884,1436,1958,908
1885,1437,1416,1237
1886,1438,1416,908
1887,1439,1122,908
1888,1440,1122,908
1889,1441,1416,1386
1890,1442,2121,908
1891,1443,95,908
1892,1443,1544,908
1893,1444,2170,908
1894,1445,1585,908
1895,1446,1416,908
1896,1447,289,908
1897,1448,1377,908
1898,1449,1416,487
1899,1449,1416,1419
1900,1450,1841,908
1901,1451,537,908
1902,1452,622,908
1903,1453,1416,1112
1904,1454,799,908
1905,1455,452,908
1906,1456,975,908
1907,1457,1416,298
1908,1458,1416,908
1909,1459,1058,908
1910,1459,211,908
1911,1460,1416,1332
1912,1461,1181,908
1913,1461,420,908
1914,1461,1416,799
1915,1462,812,908
1916,1463,201,908
1917,1464,2223,908
1918,1465,1416,908
1919,1466,280,908
1920,1467,1416,908
1921,1468,51,908
1922,1468,1416,908
1923,1468,2153,908
1924,1468,1140,908
1925,1468,1451,908
1926,1468,1449,908
1927,1468,130,908
1928,1468,1713,908
1929,1469,1416,942
1930,1469,1416,1266
1931,1469,1416,908
1932,1470,632,908
1933,1471,1416,656
1934,1472,760,908
1935,1473,1416,1268
1936,1474,1416,933
1937,1475,1416,543
1938,1475,1416,1025
1939,1475,1416,1354
1940,1476,1416,1017
1941,1477,242,908
1942,1477,1416,1004
1943,1478,1416,908
1944,1478,1748,908
1945,1479,1416,759
1946,1480,472,908
1947,1481,292,908
1948,1482,1416,908
1949,1483,2069,908
1950,1483,1416,1142
1951,1484,776,908
1952,1485,2135,908
1953,1486,568,908
1954,1487,1373,908
1955,1488,1668,908
1956,1489,1201,908
1957,1489,1416,1072
1958,1490,1416,927
1959,1491,1416,908
1960,1492,1821,908
1961,1493,1416,1402
1962,1494,1884,908
1963,1495,436,908
1964,1496,932,908
1965,1497,1649,908
1966,1498,2032,908
1967,1498,1416,998
1968,1499,234,908
1969,1500,1416,342
1970,1500,2186,908
1971,1500,1416,1463
1972,1500,1416,217
1973,1501,1416,908
1974,1502,1416,1589
1975,1502,973,908
1976,1502,1416,673
1977,1503,1416,863
1978,1504,1416,472
1979,1505,1416,1560
1980,1505,26,908
1981,1506,1416,532
1982,1506,1531,908
1983,1507,1922,908
1984,1508,542,908
1985,1509,1049,908
1986,1510,732,908
1987,1510,1896,908
1988,1511,1325,908
1989,1512,1849,908
1990,1513,1342,908
1991,1513,1351,908
1992,1514,139,908
1993,1515,1416,1094
1994,1515,2124,908
1995,1515,1938,908
1996,1515,773,908
1997,1515,1704,908
1998,1516,1416,176
1999,1517,1416,1387
2000,1518,1416,908
2001,1519,1416,908
2002,1520,551,908
2003,1520,1695,908
2004,1521,1549,908
2005,1522,880,908
2006,1523,1416,482
2007,1524,1416,336
2008,1525,585,908
2009,1526,1416,908
2010,1527,489,908
2011,1528,1416,913
2012,1529,759,908
2013,1530,1416,947
2014,1531,1416,1491
2015,1532,810,908
2016,1533,1416,908
2017,1534,955,908
2018,1535,243,908
2019,1536,1358,908
2020,1536,1741,908
2021,1537,1416,1497
2022,1538,1072,908
2023,1539,1085,908
2024,1540,1897,908
2025,1541,1416,893
2026,1542,1416,722
2027,1543,1416,1276
2028,1544,787,908
2029,1545,1434,908
2030,1546,1416,741
2031,1547,196,908
2032,1548,1416,321
2033,1549,1416,1272
2034,1550,808,908
2035,1551,1553,908
2036,1552,265,908
2037,1553,1416,813
2038,1554,1276,908
2039,1555,1416,908
2040,1555,302,908
2041,1556,1416,1202
2042,1556,1416,709
2043,1557,1776,908
2044,1557,1073,908
2045,1558,809,908
2046,1559,1416,795
2047,1560,635,908
2048,1561,1416,1244
2049,1562,1416,1205
2050,1563,879,908
2051,1564,976,908
2052,1564,1528,908
2053,1564,1416,908
2054,1564,1416,831
2055,1565,1416,908
2056,1566,2131,908
2057,1567,1416,429
2058,1568,1416,1417
2059,1569,1416,659
2060,1569,1416,908
2061,1570,696,908
2062,1570,165,908
2063,1570,246,908
2064,1570,1416,786
2065,1571,413,908
2066,1572,1416,654
2067,1573,1416,1025
2068,1574,1416,1448
2069,1575,762,908
2070,1576,217,908
2071,1577,1271,908
2072,1578,1966,908
2073,1578,110,908
2074,1578,1416,908
2075,1578,1581,908
2076,1579,1710,908
2077,1580,474,908
2078,1581,1707,908
2079,1582,1416,908
2080,1582,2050,908
2081,1583,399,908
2082,1584,549,908
2083,1585,2244,908
2084,1586,316,908
2085,1587,1416,1215
2086,1588,1416,908
2087,1589,1416,1434
2088,1590,1416,908
2089,1591,1416,908
2090,1592,2112,908
2091,1593,1416,1545
2092,1594,1416,209
2093,1595,1416,880
2094,1595,1729,908
2095,1595,1416,908
2096,1596,1572,908
2097,1597,1675,908
2098,1598,1416,1132
2099,1599,1416,464
2100,1600,1416,58
2101,1601,1416,676
2102,1602,1416,912
2103,1603,1416,1439
2104,1604,1749,908
2105,1605,15,908
2106,1605,1416,1150
2107,1606,869,908
2108,1607,1416,555
2109,1608,1416,908
2110,1609,1416,432
2111,1610,986,908
2112,1611,1416,75
2113,1612,169,908
2114,1612,736,908
2115,1613,19,908
2116,1614,1416,1578
2117,1615,1416,1284
2118,1616,286,908
2119,1617,841,908
2120,1618,1416,227
2121,1619,1416,481
2122,1620,1416,1200
2123,1621,352,908
2124,1622,1416,961
2125,1623,1416,908
2126,1624,1416,908
2127,1625,1416,908
2128,1626,1416,1524
2129,1627,949,908
2130,1628,1416,1554
2131,1629,2197,908
2132,1630,1281,908
2133,1631,1416,1583
2134,1632,1475,908
2135,1632,477,908
2136,1633,777,908
2137,1634,1416,730
2138,1635,1416,908
2139,1636,2195,908
2140,1637,122,908
2141,1638,1701,908
2142,1638,1010,908
2143,1638,1416,236
2144,1638,1416,8
2145,1639,374,908
2146,1639,1124,908
2147,1640,118,908
2148,1641,766,908
2149,1641,2064,908
2150,1642,1121,908
2151,1642,1302,908
2152,1642,1614,908
2153,1642,1416,194
2154,1643,1856,908
2155,1643,342,908
2156,1644,1416,908
2157,1645,1965,908
2158,1646,821,908
2159,1647,1550,908
2160,1648,800,908
2161,1649,73,908
2162,1650,2159,908
2163,1651,1416,1184
2164,1652,1004,908
2165,1653,1416,908
2166,1654,1416,908
2167,1654,1416,1177
2168,1655,127,908
2169,1656,1416,459
2170,1656,931,908
2171,1657,1416,908
2172,1658,1584,908
2173,1659,777,908
2174,1660,1416,908
2175,1661,1718,908
2176,1661,804,908
2177,1662,28,908
2178,1662,1416,908
2179,1662,1416,810
2180,1663,1416,1391
2181,1664,1416,1064
2182,1665,1911,908
2183,1665,215,908
2184,1666,183,908
2185,1667,1416,1444
2186,1668,1416,908
2187,1669,1416,908
2188,1670,1416,262
2189,1671,726,908
2190,1672,784,908
2191,1673,828,908
2192,1674,180,908
2193,1675,1416,564
2194,1676,1416,496
2195,1677,1469,908
2196,1678,3,908
2197,1678,285,908
2198,1678,1416,908
2199,1679,1812,908
2200,1680,1416,305
2201,1680,937,908
2202,1680,1313,908
2203,1681,1416,908
2204,1682,997,908
2205,1683,1876,908
2206,1684,1182,908
2207,1685,305,908
2208,1685,1661,908
2209,1686,289,908
2210,1687,1416,274
2211,1688,1416,287
2212,1689,1416,1138
2213,1690,1416,1429
2214,1690,224,908
2215,1690,885,908
2216,1690,411,908
2217,1691,922,908
2218,1691,990,908
2219,1692,1071,908
2220,1693,899,908
2221,1694,1707,908
2222,1695,1416,908
2223,1696,1854,908
2224,1697,1245,908
2225,1698,2146,908
2226,1699,1416,1046
2227,1700,1416,1135
2228,1700,1077,908
2229,1701,1416,416
2230,1702,1805,908
2231,1703,2095,908
2232,1703,2126,908
2233,1704,1416,604
2234,1705,1416,460
2235,1706,1416,123
2236,1706,351,908
2237,1706,1416,1030
2238,1707,329,908
2239,1708,1416,908
2240,1708,890,908
2241,1709,1416,908
2242,1710,1416,1492
2243,1711,1416,908
2244,1712,1416,908
2245,1713,983,908
2246,1713,340,908
2247,1713,1354,908
2248,1713,1416,1364
2249,1713,1416,908
2250,1713,332,908
2251,1714,1416,908
2252,1715,1051,908
2253,1716,538,908
2254,1717,362,908
2255,1718,1453,908
2256,1718,2232,908
2257,1719,1416,1342
2258,1719,1939,908
2259,1719,1416,356
2260,1720,1416,279
2261,1721,1416,908
2262,1722,1945,908
2263,1723,833,908
2264,1724,845,908
2265,1725,1416,908
2266,1726,461,908
2267,1727,534,908
2268,1728,1416,908
2269,1729,1416,908
2270,1730,1416,717
2271,1730,2151,908
2272,1731,1142,908
2273,1732,1416,629
2274,1733,404,908
2275,1734,1063,908
2276,1735,1416,742
2277,1736,1416,126
2278,1737,1853,908
2279,1737,1416,908
2280,1738,1692,908
2281,1739,2091,908
2282,1740,1742,908
2283,1740,440,908
2284,1740,2231,908
2285,1741,917,908
2286,1742,766,908
2287,1743,1944,908
2288,1744,260,908
2289,1745,1416,1475
2290,1746,1416,1174
2291,1747,717,908
2292,1747,395,908
2293,1748,724,908
2294,1749,1416,784
2295,1750,1416,1479
2296,1751,767,908
2297,1752,1416,197
2298,1753,1567,908
2299,1754,2029,908
2300,1755,1416,693
2301,1756,1212,908
2302,1756,509,908
2303,1756,1557,908
2304,1757,921,908
2305,1758,1416,1282
2306,1759,555,908
2307,1760,35,908
2308,1761,2092,908
2309,1761,1416,14
2310,1762,1698,908
2311,1762,1189,908
2312,1762,505,908
2313,1763,1806,908
2314,1764,1416,908
2315,1765,425,908
2316,1766,1416,1596
2317,1767,1416,908
2318,1768,2017,908
2319,1768,1924,908
2320,1769,1416,908
2321,1770,47,908
2322,1771,375,908
2323,1772,2165,908
2324,1773,1416,677
2325,1774,1171,908
2326,1775,1416,612
2327,1775,1416,968
2328,1775,1150,908
2329,1776,1416,908
2330,1776,2123,908
2331,1777,1416,809
2332,1778,1416,908
2333,1779,1867,908
2334,1779,1416,790
2335,1779,17,908
2336,1780,145,908
2337,1780,1416,25
2338,1780,1416,1522
2339,1780,1416,1368
2340,1780,2130,908
2341,1780,1184,908
2342,1780,1494,908
2343,1781,1416,908
2344,1781,1416,1124
2345,1781,121,908
2346,1781,1416,867
2347,1782,1416,892
2348,1783,151,908
2349,1783,1416,908
2350,1784,1416,251
2351,1784,160,908
2352,1785,1416,908
2353,1786,1373,908
2354,1786,1416,908
2355,1786,1013,908
2356,1787,1416,156
2357,1788,712,908
2358,1789,1416,267
2359,1790,1416,1180
2360,1791,1416,908
2361,1792,1348,908
2362,1793,1416,1590
2363,1794,1416,1249
2364,1795,1970,908
2365,1796,2161,908
2366,1796,1423,908
2367,1797,1827,908
2368,1798,1353,908
2369,1798,65,908
2370,1798,1416,100
2371,1799,651,908
2372,1800,1207,908
2373,1800,988,908
2374,1801,981,908
2375,1802,310,908
2376,1803,1416,599
2377,1804,1960,908
2378,1805,1416,118
2379,1806,1888,908
2380,1807,1416,824
2381,1808,1687,908
2382,1809,1416,1407
2383,1810,1416,879
2384,1811,1416,908
2385,1812,1416,1296
2386,1813,1583,908
2387,1813,1416,908
2388,1814,775,908
2389,1815,1042,908
2390,1816,296,908
2391,1817,1191,908
2392,1818,1451,908
2393,1819,1149,908
2394,1820,1200,908
2395,1820,1831,908
2396,1820,1771,908
2397,1820,1277,908
2398,1821,1765,908
2399,1822,1479,908
2400,1822,1416,1165
2401,1822,1416,908
2402,1823,379,908
2403,1824,1333,908
2404,1825,1416,473
2405,1826,1416,908
2406,1827,144,908
2407,1827,1416,903
2408,1827,1335,908
2409,1827,1416,1212
2410,1827,282,908
2411,1827,1416,908
2412,1827,1416,772
2413,1827,1826,908
2414,1827,1534,908
2415,1827,1416,994
2416,1827,1416,950
2417,1827,2041,908
2418,1827,1416,683
2419,1827,2071,908
2420,1827,1789,908
2421,1827,1416,1551
2422,1827,873,908
2423,1827,1416,919
2424,1827,2204,908
2425,1827,1416,963
2426,1827,543,908
2427,1827,1416,130
2428,1827,1416,837
2429,1827,1267,908
2430,1828,1872,908
2431,1829,633,908
2432,1829,762,908
2433,1830,2187,908
2434,1830,1908,908
2435,1831,675,908
2436,1831,103,908
2437,1832,2010,908
2438,1833,54,908
2439,1834,903,908
2440,1835,2058,908
2441,1836,836,908
2442,1837,1361,908
2443,1838,2154,908
2444,1839,683,908
2445,1839,912,908
2446,1839,1416,1214
2447,1839,1416,1286
2448,1840,1416,1585
2449,1841,1416,103
2450,1842,1794,908
2451,1843,1416,1369
2452,1844,1244,908
2453,1845,789,908
2454,1846,1416,908
2455,1847,1416,908
2456,1848,1416,87
2457,1849,1416,908
2458,1849,953,908
2459,1850,1093,908
2460,1851,1416,179
2461,1852,1416,1121
2462,1852,1951,908
2463,1853,1416,278
2464,1854,1416,801
2465,1855,1416,908
2466,1855,2085,908
2467,1856,1416,1021
2468,1857,1640,908
2469,1858,1416,107
2470,1859,1416,1399
2471,1860,1416,684
2472,1861,687,908
2473,1862,1416,271
2474,1862,1416,1145
2475,1863,855,908
2476,1864,1674,908
2477,1864,1416,1007
2478,1865,1107,908
2479,1866,1416,908
2480,1867,1416,1363
2481,1868,1416,582
2482,1868,1416,404
2483,1869,910,908
2484,1870,1416,1517
2485,1870,1416,924
2486,1871,1459,908
2487,1872,1416,138
2488,1873,1416,1318
2489,1873,1578,908
2490,1874,1250,908
2491,1875,1933,908
2492,1876,1416,203
2493,1877,2248,908
2494,1878,2179,908
2495,1879,2048,908
2496,1880,1416,908
2497,1880,604,908
2498,1881,1416,163
2499,1882,1416,908
2500,1883,1416,908
2501,1884,1416,843
2502,1884,1416,774
2503,1884,1416,1003
2504,1884,1416,869
2505,1885,129,908
2506,1886,1416,728
2507,1887,1416,688
2508,1887,1416,694
2509,1888,1416,908
2510,1889,241,908
2511,1890,528,908
2512,1891,64,908
2513,1891,867,908
2514,1892,1363,908
2515,1893,2188,908
2516,1894,1416,437
2517,1895,986,908
2518,1896,967,908
2519,1897,1416,13
2520,1898,1416,864
2521,1899,1416,908
2522,1900,2104,908
2523,1901,1416,86
2524,1902,1416,908
2525,1902,1416,875
2526,1903,567,908
2527,1903,1416,844
2528,1904,1416,579
2529,1905,1416,1283
2530,1906,2088,908
2531,1907,1416,908
2532,1908,1416,768
2533,1909,1803,908
2534,1909,512,908
2535,1910,1416,908
2536,1911,2073,908
2537,1912,1719,908
2538,1913,1416,1600
2539,1913,1416,1462
2540,1913,1416,908
2541,1914,1416,908
2542,1914,674,908
2543,1914,783,908
2544,1914,1291,908
2545,1914,1416,1579
2546,1914,1416,619
2547,1914,1416,600
2548,1914,1416,89
2549,1915,1416,908
2550,1916,1188,908
2551,1917,189,908
2552,1918,1416,468
2553,1919,594,908
2554,1920,1416,1472
2555,1921,1416,1229
2556,1921,772,908
2557,1922,1416,946
2558,1923,1314,908
2559,1924,1416,732
2560,1925,1416,24
2561,1926,2236,908
2562,1926,1416,605
2563,1926,2178,908
2564,1926,1416,604
2565,1926,2039,908
2566,1926,1416,471
2567,1926,1768,908
2568,1927,1949,908
2569,1928,1416,1002
2570,1929,1886,908
2571,1930,603,908
2572,1930,238,908
2573,1931,1416,136
2574,1932,1416,678
2575,1933,659,908
2576,1934,2211,908
2577,1935,1416,975
2578,1936,666,908
2579,1937,1416,1241
2580,1937,1416,400
2581,1937,1416,1449
2582,1937,1416,908
2583,1938,1416,802
2584,1938,1416,1519
2585,1939,1416,908
2586,1940,128,908
2587,1941,1416,908
2588,1942,1416,1404
2589,1943,1416,177
2590,1944,1416,915
2591,1945,2077,908
2592,1946,1121,908
2593,1947,171,908
2594,1948,101,908
2595,1948,1416,908
2596,1948,1416,1504
2597,1949,1416,260
2598,1950,48,908
2599,1951,1416,1552
2600,1952,1416,448
2601,1952,273,908
2602,1952,1416,466
2603,1953,636,908
2604,1954,1416,1185
2605,1954,926,908
2606,1955,1732,908
2607,1955,1416,1362
2608,1956,950,908
2609,1957,1416,956
2610,1958,579,908
2611,1959,857,908
2612,1960,1416,218
2613,1961,1416,9
2614,1962,1416,1070
2615,1963,1128,908
2616,1964,1416,908
2617,1965,1416,1201
2618,1966,1416,1601
2619,1966,2038,908
2620,1966,1416,1498
2621,1967,1416,1115
2622,1968,1416,476
2623,1969,1381,908
2624,1969,1416,1225
2625,1970,1416,1128
2626,1971,1977,908
2627,1972,1416,1291
2628,1973,355,908
2629,1974,1416,747
2630,1974,1416,1048
2631,1974,1416,463
2632,1975,1416,1086
2633,1976,1416,456
2634,1977,1689,908
2635,1978,1416,276
2636,1979,1119,908
2637,1980,63,908
2638,1981,1416,908
2639,1982,1551,908
2640,1982,1416,119
2641,1982,46,908
2642,1982,1416,908
2643,1983,1416,483
2644,1984,1416,1016
2645,1985,1180,908
2646,1986,1416,419
2647,1987,1416,625
2648,1988,623,908
2649,1989,1416,411
2650,1990,923,908
2651,1990,1416,908
2652,1991,1416,908
2653,1991,1416,1081
2654,1991,1416,1378
2655,1992,1416,700
2656,1993,892,908
2657,1994,1416,1182
2658,1995,1899,908
2659,1995,1416,900
2660,1996,1416,1047
2661,1997,1416,224
2662,1998,2016,908
2663,1999,1001,908
2664,2000,901,908
2665,2000,1416,1393
2666,2001,1081,908
2667,2002,1416,908
2668,2002,1636,908
2669,2003,1416,908
2670,2004,906,908
2671,2005,1416,81
2672,2005,1416,908
2673,2006,1278,908
2674,2007,99,908
2675,2007,1639,908
2676,2007,2146,908
2677,2007,1416,908
2678,2007,1416,1204
2679,2007,2124,908
2680,2007,1416,787
2681,2008,1416,843
2682,2008,1416,283
2683,2008,1416,908
2684,2008,1416,362
2685,2009,1359,908
2686,2009,1416,322
2687,2010,463,908
2688,2011,317,908
2689,2012,1416,169
2690,2013,522,908
2691,2014,1034,908
2692,2014,2101,908
2693,2014,127,908
2694,2015,1416,1252
2695,2016,1416,159
2696,2017,1416,589
2697,2018,1655,908
2698,2018,1292,908
2699,2019,1861,908
2700,2020,190,908
2701,2021,363,908
2702,2022,1416,721
2703,2023,1610,908
2704,2024,1416,908
2705,2025,331,908
2706,2025,433,908
2707,2026,1350,908
2708,2027,166,908
2709,2027,1147,908
2710,2027,1389,908
2711,2028,496,908
2712,2029,1416,760
2713,2030,699,908
2714,2031,1278,908
2715,2032,790,908
2716,2033,1706,908
2717,2034,2165,908
2718,2035,314,908
2719,2036,1416,1430
2720,2036,1416,340
2721,2036,1416,7
2722,2036,462,908
2723,2036,1416,945
2724,2036,1416,1015
2725,2036,1416,1566
2726,2036,409,908
2727,2036,1416,162
2728,2036,1416,1314
2729,2037,1416,936
2730,2038,1985,908
2731,2039,1416,1284
2732,2040,833,908
2733,2041,126,908
2734,2042,367,908
2735,2043,405,908
2736,2044,1416,682
2737,2045,1416,639
2738,2046,1416,685
2739,2047,1384,908
2740,2048,1416,139
2741,2049,1416,375
2742,2050,1524,908
2743,2051,1416,1400
2744,2052,1143,908
2745,2053,343,908
2746,2054,1407,908
2747,2054,1416,908
2748,2055,1416,1322
2749,2056,1416,908
2750,2056,1693,908
2751,2056,2158,908
2752,2056,1416,854
2753,2056,1416,1537
2754,2057,471,908
2755,2058,1416,1038
2756,2059,1508,908
2757,2059,2030,908
2758,2059,206,908
2759,2060,1862,908
2760,2060,186,908
2761,2061,959,908
2762,2062,1416,1129
2763,2062,1416,1096
2764,2062,1416,1168
2765,2063,854,908
2766,2064,1416,908
2767,2065,1416,921
2768,2066,1744,908
2769,2067,1283,908
2770,2068,488,908
2771,2068,1416,435
2772,2069,1416,290
2773,2070,1416,908
2774,2070,322,908
2775,2070,1416,153
2776,2070,1416,118
2777,2071,1416,1357
2778,2072,1416,393
2779,2073,1416,908
2780,2074,957,908
2781,2075,1106,908
2782,2076,1416,908
2783,2077,530,908
2784,2078,1416,1557
2785,2079,1416,908
2786,2080,1019,908
2787,2081,215,908
2788,2082,820,908
2789,2083,774,908
2790,2084,1886,908
2791,2085,1416,569
2792,2085,1416,1375
2793,2086,1183,908
2794,2087,1560,908
2795,2088,2011,908
2796,2089,59,908
2797,2090,328,908
2798,2091,1416,1345
2799,2092,652,908
2800,2092,1416,359
2801,2093,1416,1488
2802,2094,1632,908
2803,2094,1556,908
2804,2094,761,908
2805,2095,1398,908
2806,2096,1416,219
2807,2097,1853,908
2808,2098,607,908
2809,2099,2128,908
2810,2100,168,908
2811,2101,1416,1168
2812,2102,1175,908
2813,2103,1416,908
2814,2104,1816,908
2815,2105,236,908
2816,2106,1416,390
2817,2107,268,908
2818,2107,878,908
2819,2107,1866,908
2820,2107,1809,908
2821,2107,1100,908
2822,2108,1056,908
2823,2109,639,908
2824,2110,2187,908
2825,2111,655,908
2826,2112,1416,311
2827,2113,1416,757
2828,2113,1873,908
2829,2113,1138,908
2830,2114,1416,908
2831,2115,483,908
2832,2116,1416,908
2833,2117,1416,1162
2834,2118,1596,908
2835,2119,1582,908
2836,2120,977,908
2837,2120,1282,908
2838,2120,167,908
2839,2121,49,908
2840,2122,1416,769
2841,2123,1683,908
2842,2124,1416,908
2843,2125,1002,908
2844,2126,1416,908
2845,2127,1444,908
2846,2128,529,908
2847,2129,1416,1335
2848,2129,1416,908
2849,2130,1416,908
2850,2131,1416,908
2851,2132,2182,908
2852,2133,946,908
2853,2133,1382,908
2854,2133,1416,1028
2855,2134,1477,908
2856,2135,423,908
2857,2136,1416,954
2858,2137,842,908
2859,2138,405,908
2860,2139,1416,1527
2861,2140,283,908
2862,2141,1416,736
2863,2142,875,908
2864,2143,850,908
2865,2144,1416,102
2866,2145,1416,232
2867,2145,1416,648
2868,2146,1526,908
2869,2146,491,908
2870,2147,376,908
2871,2148,185,908
2872,2149,1678,908
2873,2150,524,908
2874,2151,70,908
2875,2152,359,908
2876,2153,771,908
2877,2153,1416,1227
2878,2153,1416,993
2879,2154,31,908
2880,2154,1871,908
2881,2155,1416,1232
2882,2156,364,908
2883,2157,1802,908
2884,2158,2249,908
2885,2159,1416,908
2886,2160,1416,908
2887,2161,1416,959
2888,2162,1599,908
2889,2163,1416,951
2890,2163,1416,944
2891,2164,2245,908
2892,2165,1590,908
2893,2166,2062,908
2894,2167,1997,908
2895,2168,1416,467
2896,2169,2108,908
2897,2169,1416,908
2898,2170,1926,908
2899,2171,1790,908
2900,2172,1416,908
2901,2173,1416,23
2902,2174,1251,908
2903,2175,1416,295
2904,2176,1804,908
2905,2177,1416,65
2906,2178,703,908
2907,2179,1416,1574
2908,2180,1416,908
2909,2180,709,908
2910,2181,1416,1161
2911,2182,723,908
2912,2183,2145,908
2913,2183,1190,908
2914,2184,1416,1499
2915,2185,1416,908
2916,2186,1416,988
2917,2186,407,908
2918,2187,1416,574
2919,2188,395,908
2920,2188,210,908
2921,2189,2219,908
2922,2190,1416,645
2923,2191,523,908
2924,2192,1194,908
2925,2193,1012,908
2926,2194,1891,908
2927,2195,514,908
2928,2196,2214,908
2929,2197,1416,27
2930,2198,1416,208
2931,2199,749,908
2932,2200,1416,908
2933,2201,1416,1194
2934,2202,1416,230
2935,2202,1416,1104
2936,2202,1416,1100
2937,2203,1486,908
2938,2203,1416,765
2939,2204,2240,908
2940,2204,786,908
2941,2205,1828,908
2942,2206,200,908
2943,2207,699,908
2944,2208,1416,70
2945,2209,811,908
2946,2210,699,908
2947,2211,1416,540
2948,2212,519,908
2949,2213,1416,908
2950,2214,1416,908
2951,2215,1416,571
2952,2216,1416,1098
2953,2217,1416,908
2954,2218,1416,289
2955,2219,2046,908
2956,2220,1416,1396
2957,2221,1416,695
2958,2221,1416,908
2959,2221,400,908
2960,2222,1416,96
2961,2223,1416,747
2962,2224,1416,1245
2963,2225,1416,178
2964,2226,1986,908
2965,2227,1416,1089
2966,2228,50,908
2967,2229,1416,908
2968,2230,897,908
2969,2231,1416,1546
2970,2231,814,908
2971,2231,1416,908
2972,2232,1416,908
2973,2233,1416,92
2974,2233,155,908
2975,2234,116,908
2976,2234,1168,908
2977,2235,1416,908
2978,2236,1416,1274
2979,2237,1416,1591
2980,2238,72,908
2981,2239,1416,585
2982,2240,1416,908
2983,2240,1416,501
2984,2240,1416,1476
2985,2240,2251,908
2986,2241,1117,908
2987,2242,1321,908
2988,2243,1236,908
2989,2244,1416,1575
2990,2245,1416,908
2991,2246,1416,1298
2992,2247,1416,296
2993,2248,1416,407
2994,2249,1416,621
2995,2250,1416,1594
2996,2250,209,908
2997,2250,1416,908
2998,2251,1416,285
2999,2252,677,908
3000,2253,1796,908
3001,2254,1416,734
3002,2255,32,908
3003,2255,1416,908
3004,2255,1416,785
3005,2256,697,908
3006,2257,2012,908
3007,2258,1416,376
3008,2259,963,908
3009,2260,1416,908
3010,2261,1416,908
3011,2261,1952,908
3012,2261,874,908
3013,2262,1666,908
3014,2262,1416,1228
3015,2262,876,908
3016,2263,1416,691
3017,2264,834,908
3018,2265,300,908
3019,2266,1416,840
3020,2267,1416,1460
3021,2267,663,908
3022,2267,1416,424
3023,2268,2003,908
3024,2269,1416,1458
3025,2270,1416,1010
3026,2271,1416,1471
3027,2272,1213,908
3028,2273,533,908
3029,2274,1416,1255
3030,2275,1416,1103
3031,2276,207,908
3032,2276,1652,908
3033,2276,1416,908
3034,2276,731,908
3035,2276,110,908
3036,2277,1018,908
3037,2277,1416,1260
3038,2278,2110,908
3039,2279,1416,396
3040,2280,1416,1230
3041,2281,1633,908
3042,2282,1416,1567
3043,2282,1416,1282
3044,2283,1416,908
3045,2284,1416,764
3046,2285,1416,293
3047,2286,237,908
3048,2287,1416,1327
3049,2288,1416,373
3050,2289,1416,908
3051,2290,960,908
3052,2291,1416,808
3053,2292,1416,984
3054,2293,1416,793
3055,2294,904,908
3056,2295,1416,1347
3057,2296,1416,570
3058,2297,1416,387
3059,2298,1416,11
3060,2299,1416,370
3061,2300,1416,1436
3062,2301,1416,908
3063,2302,33,908
3064,2303,1794,908
3065,2304,1416,908
3066,2305,1322,908
3067,2306,1416,908
3068,2307,1310,908
3069,2308,1454,908
3070,2309,662,908
3071,2310,1906,908
3072,2311,2114,908
3073,2312,1416,324
3074,2313,1416,908
3075,2314,1416,341
3076,2315,1416,908
3077,2316,1416,461
3078,2316,1416,1195
3079,2316,1416,115
3080,2317,1416,205
3081,2318,1416,896
3082,2319,501,908
3083,2320,1023,908
3084,2321,1017,908
3085,2322,1416,1066
3086,2323,1416,1413
3087,2324,612,908
3088,2325,1416,394
3089,2326,680,908
3090,2327,1416,908
3091,2328,1416,480
3092,2329,956,908
3093,2330,1734,908
3094,2330,1416,908
3095,2331,1416,908
3096,2332,1416,129
3097,2333,2176,908
3098,2334,1416,640
3099,2335,1416,908
3100,2336,1416,908
3101,2337,614,908
3102,2338,616,908
3103,2339,1332,908
3104,2340,140,908
3105,2341,2202,908
3106,2341,1905,908
3107,2342,1416,455
3108,2343,865,908
3109,2343,1338,908
3110,2343,1246,908
3111,2343,1416,908
3112,2343,1416,190
3113,2343,1416,1207
3114,2343,743,908
3115,2343,1416,246
3116,2344,1424,908
3117,2344,295,908
3118,2345,704,908
3119,2346,288,908
3120,2346,1416,1169
3121,2347,1894,908
3122,2348,473,908
3123,2349,798,908
3124,2350,539,908
3125,2351,894,908
3126,2352,552,908
3127,2352,853,908
3128,2353,889,908
3129,2354,1501,908
3130,2354,1416,566
3131,2355,1416,714
3132,2356,1416,908
3133,2357,1416,40
3134,2358,1416,1599
3135,2359,1416,1052
3136,2360,806,908
3137,2361,1416,1000
3138,2361,1416,908
3139,2361,1416,440
3140,2362,1290,908
3141,2362,324,908
3142,2362,1416,668
3143,2363,1416,931
3144,2363,609,908
3145,2364,1416,908
3146,2365,1090,908
3147,2365,1416,526
3148,2366,125,908
3149,2366,1416,226
3150,2367,1416,1278
3151,2368,1416,131
3152,2369,1416,249
3153,2370,2034,908
3154,2371,259,908
3155,2372,1416,908
3156,2373,1416,908
3157,2374,1166,908
3158,2375,1416,265
3159,2376,459,908
3160,2377,1231,908
3161,2378,1416,908
3162,2379,1416,523
3163,2380,803,908
3164,2380,1144,908
3165,2381,1062,908
3166,2381,46,908
3167,2382,1416,819
3168,2383,1929,908
3169,2384,1416,587
3170,2385,429,908
3171,2386,1416,908
3172,2387,829,908
3173,2387,1416,1278
3174,2387,1416,1355
3175,2387,556,908
3176,2388,1974,908
3177,2389,763,908
3178,2389,1591,908
3179,2390,738,908
3180,2391,1416,1001
3181,2392,470,908
3182,2393,1416,908
3183,2394,1080,908
3184,2395,1416,1450
3185,2396,2063,908
3186,2397,7,908
3187,2398,1416,325
3188,2398,1206,908
3189,2398,1416,1370
3190,2398,958,908
3191,2399,1416,651
3192,2400,1416,1358
3193,2401,1712,908
3194,2402,1436,908
3195,2402,397,908
3196,2403,1378,908
3197,2404,1983,908
3198,2405,1416,316
3199,2405,1416,1467
3200,2405,881,908
3201,2405,1931,908
3202,2405,1416,657
3203,2406,1416,679
3204,2407,164,908
3205,2408,1416,908
3206,2409,53,908
3207,2410,255,908
3208,2411,1345,908
3209,2412,67,908
3210,2413,1416,95
3211,2414,751,908
3212,2415,1416,699
3213,2416,1416,580
3214,2416,1810,908
3215,2417,1416,364
3216,2418,1066,908
3217,2418,1811,908
3218,2419,1218,908
3219,2419,135,908
3220,2419,150,908
3221,2420,567,908
3222,2420,1416,830
3223,2420,719,908
3224,2421,1416,967
3225,2422,1416,1385
3226,2423,1416,200
3227,2424,599,908
3228,2425,1416,1222
3229,2426,1416,146
3230,2427,1416,780
3231,2428,1416,1466
3232,2429,1416,82
3233,2430,1416,518
3234,2431,1416,1019
3235,2432,178,908
3236,2433,1416,442
3237,2433,1132,908
3238,2433,1416,134
3239,2433,750,908
3240,2433,1416,1221
3241,2433,245,908
3242,2433,437,908
3243,2434,1151,908
3244,2434,656,908
3245,2435,1208,908
3246,2436,2220,908
3247,2437,1416,908
3248,2438,1416,1425
3249,2439,2139,908
3250,2439,687,908
3251,2439,1416,1094
3252,2440,1110,908
3253,2441,1106,908
3254,2441,1416,726
3255,2442,1416,908
3256,2443,1416,383
3257,2444,1416,908
3258,2445,1416,132
3259,2446,1416,908
3260,2447,1416,1192
3261,2448,1416,148
3262,2449,1471,908
3263,2450,864,908
3264,2451,1416,128
3265,2452,1224,908
3266,2453,341,908
3267,2454,2082,908
3268,2455,1416,261
3269,2456,1416,1374
3270,2457,1416,687
3271,2457,1416,1319
3272,2457,1416,1328
3273,2458,1438,908
3274,2459,1416,1302
3275,2460,1588,908
3276,2461,1306,908
3277,2462,1559,908
3278,2462,1680,908
3279,2463,1838,908
3280,2464,1416,516
3281,2465,1416,1088
3282,2466,1416,592
3283,2467,1416,908
3284,2468,1416,1224
3285,2469,1416,908
3286,2470,1127,908
3287,2471,199,908
3288,2472,1739,908
3289,2473,970,908
3290,2474,1601,908
3291,2475,983,908
3292,2475,1416,908
3293,2476,1416,1406
3294,2477,237,908
3295,2478,1416,1397
3296,2479,1416,620
3297,2479,1416,1125
3298,2480,1416,908
3299,2481,1416,554
3300,2482,578,908
3301,2482,1416,986
3302,2483,229,908
3303,2483,1416,1058
3304,2484,1416,1548
3305,2484,733,908
3306,2485,1416,328
3307,2486,1416,1544
3308,2486,1416,1510
3309,2487,1416,1315
3310,2488,745,908
3311,2489,137,908
3312,2490,1416,908
3313,2491,320,908
3314,2492,1416,453
3315,2493,1105,908
3316,2494,1416,798
3317,2495,1416,234
3318,2496,1416,426
3319,2497,572,908
3320,2497,1416,1509
3321,2498,1416,597
3322,2499,1416,1267
3323,2500,1943,908
3324,2500,1416,908
3325,2501,1416,277
3326,2502,1254,908
3327,2503,1737,908
3328,2504,1416,384
3329,2505,1331,908
3330,2506,1065,908
3331,2507,1416,351
3332,2508,360,908
3333,2509,1039,908
3334,2510,1416,1502
3335,2511,759,908
3336,2511,1416,908
3337,2512,1711,908
3338,2513,1441,908
3339,2514,1362,908
3340,2514,1416,655
3341,2515,1416,1518
3342,2516,762,908
3343,2516,950,908
3344,2517,249,908
3345,2518,1416,1308
3346,2519,1416,735
3347,2519,1410,908
3348,2520,548,908
3349,2521,563,908
3350,2522,1416,871
3351,2523,1907,908
3352,2523,1822,908
3353,2523,954,908
3354,2524,1416,1085
3355,2525,1903,908
3356,2526,941,908
3357,2527,2192,908
3358,2528,1847,908
3359,2529,2215,908
3360,2529,2229,908
3361,2530,1395,908
3362,2531,438,908
3363,2532,50,908
3364,2533,1767,908
3365,2534,1416,908
3366,2535,1330,908
3367,2536,485,908
3368,2537,1416,1092
3369,2538,658,908
3370,2539,580,908
3371,2540,693,908
3372,2541,2147,908
3373,2542,1416,1541
3374,2543,817,908
3375,2544,1461,908
3376,2545,1990,908
3377,2546,384,908
3378,2547,1416,908
3379,2548,1416,908
3380,2549,605,908
3381,2549,1416,862
3382,2549,162,908
3383,2550,18,908
3384,2551,1416,908
3385,2552,1416,1526
3386,2553,1227,908
3387,2554,1416,468
3388,2554,2099,908
3389,2555,2248,908
3390,2556,1416,908
3391,2557,1280,908
3392,2558,1416,899
3393,2559,1416,908
3394,2560,1923,908
3395,2561,1416,908
3396,2561,2018,908
3397,2562,1284,908
3398,2563,1913,908
3399,2564,347,908
3400,2565,1416,991
3401,2566,1416,649
3402,2567,1416,252
3403,2568,852,908
3404,2569,2113,908
3405,2570,177,908
3406,2571,1416,300
3407,2572,2056,908
3408,2573,1416,441
3409,2574,1416,603
3410,2574,1416,908
3411,2575,1940,908
3412,2576,1416,926
3413,2577,1416,1189
3414,2578,431,908
3415,2579,85,908
3416,2580,240,908
3417,2581,1818,908
3418,2582,2004,908
3419,2583,1611,908
3420,2584,182,908
3421,2584,1416,908
3422,2584,407,908
3423,2584,1061,908
3424,2585,1416,563
3425,2586,1416,908
3426,2587,1416,908
3427,2588,1416,539
3428,2589,1553,908
3429,2590,1416,1226
3430,2591,1416,451
3431,2592,1416,1154
3432,2593,1416,908
3433,2594,1957,908
3434,2595,1445,908
3435,2596,1416,908
3436,2597,1376,908
3437,2598,1416,1178
3438,2599,1416,908
3439,2600,1416,781
3440,2601,1760,908
3441,2602,1416,19
3442,2603,1187,908
3443,2604,1416,908
3444,2605,1059,908
3445,2606,1416,1146
3446,2607,1416,1453
3447,2607,649,908
3448,2607,1416,1155
3449,2608,1416,408
3450,2609,296,908
3451,2609,1416,908
3452,2609,1416,960
3453,2610,1792,908
3454,2611,1416,546
3455,2612,307,908
3456,2612,593,908
3457,2613,1416,610
3458,2614,1416,701
3459,2614,1416,908
3460,2615,1416,887
3461,2616,1546,908
3462,2617,1416,1207
3463,2618,1539,908
3464,2619,1416,908
3465,2620,979,908
3466,2621,1232,908
3467,2622,1707,908
3468,2623,606,908
3469,2624,1037,908
3470,2624,1145,908
3471,2625,710,908
3472,2626,1416,908
3473,2627,484,908
3474,2628,2133,908
3475,2629,1416,1483
3476,2630,105,908
3477,2631,1416,1288
3478,2632,2160,908
3479,2632,2148,908
3480,2632,1617,908
3481,2633,1416,575
3482,2634,354,908
3483,2634,1416,908
3484,2634,1416,195
3485,2635,1027,908
3486,2636,1961,908
3487,2637,1416,908
3488,2637,1478,908
3489,2638,634,908
3490,2639,520,908
3491,2640,565,908
3492,2641,2067,908
3493,2642,647,908
3494,2642,2164,908
3495,2642,1416,908
3496,2643,1416,56
3497,2644,2049,908
3498,2644,2250,908
3499,2645,76,908
3500,2646,2255,908
3501,2647,1416,263
3502,2647,1416,445
3503,2648,395,908
3504,2648,1416,928
3505,2648,252,908
3506,2649,1416,908
3507,2649,1416,929
3508,2650,1416,1598
3509,2651,1416,110
3510,2652,703,908
3511,2653,1416,1188
3512,2654,1046,908
3513,2654,1416,1523
3514,2654,2021,908
3515,2655,176,908
3516,2656,115,908
3517,2657,638,908
3518,2658,1416,908
3519,2659,1416,823
3520,2659,1416,368
3521,2659,1405,908
3522,2659,6,908
3523,2660,1210,908
3524,2661,1416,1495
3525,2662,2104,908
3526,2663,1416,1336
3527,2663,1416,72
3528,2664,1416,142
3529,2665,1416,304
3530,2666,5,908
3531,2666,664,908
3532,2667,1304,908
3533,2668,2180,908
3534,2669,1416,908
3535,2670,1416,1547
3536,2671,1416,908
3537,2672,380,908
3538,2673,118,908
3539,2674,1416,1264
3540,2675,1416,1032
3541,2676,1416,638
3542,2676,1416,925
3543,2676,770,908
3544,2676,1416,1457
3545,2677,1416,908
3546,2678,1761,908
3547,2679,1480,908
3548,2680,1416,428
3549,2681,1416,1170
3550,2682,744,908
3551,2683,1416,949
3552,2683,1416,491
3553,2684,2090,908
3554,2685,258,908
3555,2686,2014,908
3556,2687,1416,711
3557,2688,679,908
3558,2689,1416,10
3559,2690,1416,667
3560,2691,524,908
3561,2692,929,908
3562,2693,506,908
3563,2694,1416,965
3564,2694,1512,908
3565,2695,1416,883
3566,2696,1353,908
3567,2696,1204,908
3568,2696,2173,908
3569,2697,371,908
3570,2697,1153,908
3571,2698,1898,908
3572,2699,529,908
3573,2699,1726,908
3574,2700,1120,908
3575,2701,587,908
3576,2702,1416,1501
3577,2702,1416,1542
3578,2702,1460,908
3579,2702,1416,662
3580,2702,1416,511
3581,2702,1419,908
3582,2702,607,908
3583,2703,1546,908
3584,2703,1722,908
3585,2704,1416,908
3586,2705,120,908
3587,2706,1416,282
3588,2707,468,908
3589,2707,1278,908
3590,2708,2163,908
3591,2709,613,908
3592,2710,1030,908
3593,2711,1285,908
3594,2712,1416,1220
3595,2712,1416,908
3596,2712,346,908
3597,2712,1416,528
3598,2713,1416,908
3599,2714,1312,908
3600,2714,1416,908
3601,2715,1656,908
3602,2716,1416,979
3603,2717,1416,36
3604,2718,544,908
3605,2718,1416,803
3606,2719,1416,908
3607,2720,1412,908
3608,2721,1416,1456
3609,2722,1416,868
3610,2723,1570,908
3611,2724,335,908
3612,2724,1122,908
3613,2724,134,908
3614,2724,1782,908
3615,2724,1416,908
3616,2724,2237,908
3617,2724,1099,908
3618,2724,1416,168
3619,2725,920,908
3620,2726,1416,333
3621,2726,2149,908
3622,2726,1863,908
3623,2727,77,908
3624,2727,1416,908
3625,2728,684,908
3626,2729,1372,908
3627,2730,763,908
3628,2730,1416,253
3629,2731,1416,52
3630,2732,1967,908
3631,2733,460,908
3632,2734,450,908
3633,2735,2089,908
3634,2736,1416,908
3635,2737,2207,908
3636,2738,432,908
3637,2739,357,908
3638,2740,1416,983
3639,2741,2190,908
3640,2742,1416,686
3641,2743,1416,1556
3642,2744,158,908
3643,2744,290,908
3644,2744,337,908
3645,2744,555,908
3646,2744,2230,908
3647,2744,1787,908
3648,2745,1816,908
3649,2746,1416,908
3650,2747,911,908
3651,2748,1488,908
3652,2749,1416,908
3653,2750,1416,171
3654,2751,1429,908
3655,2752,1416,1114
3656,2753,1931,908
3657,2753,303,908
3658,2754,660,908
3659,2755,1416,561
3660,2756,1416,908
3661,2757,1416,1464
3662,2758,1247,908
3663,2758,1665,908
3664,2759,314,908
3665,2760,366,908
3666,2761,630,908
3667,2762,1416,1118
3668,2763,1416,626
3669,2764,1416,18
3670,2765,1648,908
3671,2765,1416,1365
3672,2766,494,908
3673,2767,1416,489
3674,2768,1416,908
3675,2769,1416,334
3676,2770,1416,908
3677,2771,1416,908
3678,2772,1416,1109
3679,2773,1125,908
3680,2774,1416,1550
3681,2775,1416,436
3682,2775,1416,474
3683,2776,1082,908
3684,2776,1416,1562
3685,2776,2125,908
3686,2776,106,908
3687,2776,1416,1435
3688,2777,2117,908
3689,2778,2047,908
3690,2779,1416,1568
3691,2780,1416,908
3692,2781,672,908
3693,2782,526,908
3694,2782,1416,1127
3695,2783,1505,908
3696,2784,247,908
3697,2785,1846,908
3698,2785,1294,908
3699,2786,619,908
3700,2786,1773,908
3701,2787,753,908
3702,2788,388,908
3703,2789,1416,1209
3704,2790,1416,796
3705,2791,1416,281
3706,2792,1416,908
3707,2793,1416,425
3708,2794,1416,718
3709,2794,1316,908
3710,2795,1416,1243
3711,2796,1224,908
3712,2797,156,908
3713,2798,2078,908
3714,2799,1487,908
3715,2800,1416,1054
3716,2801,1115,908
3717,2802,782,908
3718,2803,1416,1529
3719,2804,1416,908
3720,2805,1416,1013
3721,2806,1416,908
3722,2807,1416,751
3723,2808,1416,908
3724,2809,1416,908
3725,2810,1646,908
3726,2811,1416,964
3727,2812,1416,346
3728,2812,1416,1254
3729,2813,1416,908
3730,2814,927,908
3731,2815,1767,908
3732,2816,1416,908
3733,2817,1416,1075
3734,2818,338,908
3735,2819,653,908
3736,2820,1416,908
3737,2821,1684,908
3738,2822,1083,908
3739,2823,1416,1061
3740,2823,930,908
3741,2823,1510,908
3742,2823,1416,901
3743,2823,1416,161
3744,2824,918,908
3745,2825,1887,908
3746,2826,73,908
3747,2827,1916,908
3748,2828,1780,908
3749,2829,387,908
3750,2829,1416,62
3751,2829,1798,908
3752,2829,1416,860
3753,2829,1416,1485
3754,2829,1011,908
3755,2829,1835,908
3756,2830,2023,908
3757,2831,2208,908
3758,2831,1086,908
3759,2832,1416,908
3760,2833,407,908
3761,2834,1416,343
3762,2835,2019,908
3763,2836,1416,908
3764,2836,969,908
3765,2837,870,908
3766,2837,1609,908
3767,2838,1416,430
3768,2839,1416,1441
3769,2839,1416,401
3770,2840,1223,908
3771,2841,1416,1217
3772,2842,152,908
3773,2843,1121,908
3774,2844,640,908
3775,2845,2148,908
3776,2845,1416,534
3777,2845,953,908
3778,2845,994,908
3779,2845,1416,299
3780,2846,978,908
3781,2846,1823,908
3782,2847,708,908
3783,2848,194,908
3784,2849,1540,908
3785,2849,1259,908
3786,2849,1393,908
3787,2849,1416,160
3788,2850,2102,908
3789,2850,1308,908
3790,2851,1416,908
3791,2851,1416,996
3792,2852,1386,908
3793,2853,1416,498
3794,2854,1428,908
3795,2855,1992,908
3796,2856,257,908
3797,2857,1416,908
3798,2858,1576,908
3799,2858,1620,908
3800,2859,1416,1379
3801,2860,1416,366
3802,2861,69,908
3803,2862,1416,1366
3804,2863,1416,1270
3805,2864,620,908
3806,2864,1416,347
3807,2865,1577,908
3808,2865,1416,908
3809,2866,385,908
3810,2867,903,908
3811,2868,107,908
3812,2869,1654,908
3813,2870,895,908
3814,2870,1416,778
3815,2870,999,908
3816,2871,1416,908
3817,2872,1416,1564
3818,2873,256,908
3819,2874,725,908
3820,2874,695,908
3821,2875,1416,1415
3822,2876,1688,908
3823,2877,300,908
3824,2878,1499,908
3825,2879,1416,908
3826,2880,597,908
3827,2880,1672,908
3828,2880,2142,908
3829,2881,1529,908
3830,2882,1416,969
3831,2883,1416,794
3832,2883,706,908
3833,2884,665,908
3834,2885,188,908
3835,2886,1788,908
3836,2887,1824,908
3837,2888,511,908
3838,2889,227,908
3839,2890,1416,1310
3840,2891,1416,1346
3841,2892,1416,908
3842,2892,1621,908
3843,2893,1416,1549
3844,2894,161,908
3845,2895,1416,1167
3846,2895,1416,814
3847,2896,1946,908
3848,2897,323,908
3849,2897,422,908
3850,2898,1416,1043
3851,2899,713,908
3852,2899,1416,312
3853,2900,1484,908
3854,2901,1103,908
3855,2901,431,908
3856,2901,1416,106
3857,2902,1416,1035
3858,2903,1416,708
3859,2903,1416,771
3860,2903,1052,908
3861,2904,1592,908
3862,2905,1416,916
3863,2905,1416,1065
3864,2906,1416,908
3865,2907,1580,908
3866,2908,1977,908
3867,2909,1067,908
3868,2909,1433,908
3869,2910,1416,674
3870,2911,1416,908
3871,2911,334,908
3872,2911,1214,908
3873,2911,1167,908
3874,2911,492,908
3875,2911,289,908
3876,2911,321,908
3877,2912,91,908
3878,2913,1635,908
3879,2914,2054,908
3880,2915,1416,908
3881,2916,1133,908
3882,2917,1416,908
3883,2918,839,908
3884,2919,1416,935
3885,2919,25,908
3886,2919,1416,1236
3887,2920,1860,908
3888,2921,2045,908
3889,2922,1416,127
3890,2922,332,908
3891,2923,74,908
3892,2924,815,908
3893,2925,75,908
3894,2925,36,908
3895,2926,1416,1086
3896,2927,508,908
3897,2928,1101,908
3898,2929,966,908
3899,2930,1416,259
3900,2931,194,908
3901,2932,789,908
3902,2932,1858,908
3903,2933,1416,1512
3904,2934,1274,908
3905,2935,1416,353
3906,2936,1416,353
3907,2937,1857,908
3908,2938,1416,908
3909,2938,289,908
3910,2938,215,908
3911,2938,2100,908
3912,2938,79,908
3913,2939,408,908
3914,2940,20,908
3915,2941,1968,908
3916,2941,730,908
3917,2942,1416,908
3918,2943,1202,908
3919,2943,818,908
3920,2944,1483,908
3921,2945,1160,908
3922,2946,2224,908
3923,2947,1607,908
3924,2948,23,908
3925,2949,1300,908
3926,2950,1855,908
3927,2951,1416,1257
3928,2952,175,908
3929,2953,1448,908
3930,2954,1416,908
3931,2955,1416,502
3932,2956,1416,611
3933,2957,1416,1094
3934,2958,681,908
3935,2958,1162,908
3936,2959,560,908
3937,2960,1416,1018
3938,2961,1416,908
3939,2962,253,908
3940,2963,1416,423
3941,2964,1219,908
3942,2965,1416,1480
3943,2965,1416,847
3944,2966,1548,908
3945,2967,1942,908
3946,2968,1416,548
3947,2969,756,908
3948,2970,1886,908
3949,2970,642,908
3950,2971,1416,908
3951,2972,948,908
3952,2973,1605,908
3953,2974,1606,908
3954,2975,1982,908
3955,2976,1416,908
3956,2977,1815,908
3957,2978,741,908
3958,2979,304,908
3959,2979,1416,908
3960,2980,1416,908
3961,2981,1416,908
3962,2982,1416,155
3963,2982,1721,908
3964,2983,223,908
3965,2984,1028,908
3966,2984,1416,266
3967,2984,1416,908
3968,2984,1416,1033
3969,2985,1608,908
3970,2986,1955,908
3971,2987,1416,338
3972,2988,1759,908
3973,2989,1416,1303
3974,2990,1310,908
3975,2991,1416,1015
3976,2992,1416,1082
3977,2993,1416,908
3978,2994,2065,908
3979,2995,595,908
3980,2995,1600,908
3981,2995,109,908
3982,2996,1476,908
3983,2997,1416,372
3984,2998,1416,6
3985,2999,531,908
3986,3000,600,908
3987,3001,1416,973
3988,3002,1087,908
3989,3002,2040,908
3990,3003,1416,231
3991,3004,581,908
3992,3005,1416,1323
3993,3006,1416,578
3994,3007,2222,908
3995,3008,1197,908
3996,3008,1416,324
3997,3009,124,908
3998,3010,871,908
3999,3010,1431,908
4000,3011,1416,980
4001,3012,1969,908
4002,3012,1564,908
4003,3013,1416,908
4004,3013,557,908
4005,3014,1416,43
4006,3015,1397,908
4007,3016,1725,908
4008,3017,1416,908
4009,3018,1068,908
4010,3019,1416,4
4011,3020,1416,216
4012,3021,1587,908
4013,3022,1416,1216
4014,3023,1416,739
4015,3024,1416,836
4016,3025,1416,504
4017,3026,1416,817
4018,3026,1420,908
4019,3027,2053,908
4020,3027,1568,908
4021,3027,1416,94
4022,3028,1416,499
4023,3029,1416,397
4024,3030,1457,908
4025,3031,1416,617
4026,3032,1416,889
4027,3033,1416,911
4028,3034,1416,908
4029,3035,547,908
4030,3036,1416,805
4031,3037,1416,593
4032,3038,1536,908
4033,3039,985,908
4034,3040,1995,908
4035,3041,1416,908
4036,3042,1416,1122
4037,3043,1416,85
4038,3044,1404,908
4039,3044,754,908
4040,3045,1597,908
4041,3046,317,908
4042,3047,235,908
4043,3048,1416,908
4044,3049,1416,420
4045,3050,981,908
4046,3051,1416,533
4047,3052,1416,1277
4048,3052,1416,217
4049,3052,1416,214
4050,3052,1416,422
4051,3052,1755,908
4052,3052,1731,908
4053,3052,648,908
4054,3052,1416,361
4055,3052,1416,618
4056,3052,1416,908
4057,3052,1416,828
4058,3052,1416,1235
4059,3052,1416,1080
4060,3052,1416,703
4061,3053,1844,908
4062,3054,1215,908
4063,3055,2090,908
4064,3056,637,908
4065,3056,435,908
4066,3057,2193,908
4067,3058,504,908
4068,3059,622,908
4069,3060,2205,908
4070,3060,1416,1337
4071,3061,1416,623
4072,3062,1161,908
4073,3062,1416,908
4074,3063,1416,908
4075,3064,2243,908
4076,3065,1416,720
4077,3066,1416,596
4078,3067,1416,181
4079,3068,1416,217
4080,3068,434,908
4081,3069,1360,908
4082,3070,1416,1455
4083,3070,1416,908
4084,3071,1416,434
4085,3072,1381,908
4086,3073,2194,908
4087,3074,456,908
4088,3074,358,908
4089,3075,796,908
4090,3076,1233,908
4091,3077,1703,908
4092,3078,1416,573
4093,3079,943,908
4094,3080,1416,596
4095,3080,93,908
4096,3080,1728,908
4097,3081,1416,1571
4098,3082,1432,908
4099,3083,1416,1520
4100,3083,1416,908
4101,3084,1416,1322
4102,3084,1416,379
4103,3085,1416,985
4104,3086,1416,595
4105,3087,1799,908
4106,3087,1416,547
4107,3088,481,908
4108,3088,112,908
4109,3089,377,908
4110,3089,1416,908
4111,3090,8,908
4112,3091,1416,908
4113,3091,1416,821
4114,3092,1332,908
4115,3093,268,908
4116,3094,2011,908
4117,3095,38,908
4118,3096,1416,189
4119,3097,1416,449
4120,3098,1416,1239
4121,3099,1416,1372
4122,3100,737,908
4123,3101,1416,191
4124,3102,1416,1514
4125,3103,1416,908
4126,3103,1645,908
4127,3104,2078,908
4128,3105,1416,1216
4129,3105,1811,908
4130,3106,1416,1588
4131,3106,1416,431
4132,3107,1416,5
4133,3107,1416,438
4134,3108,1644,908
4135,3108,1416,756
4136,3109,1152,908
4137,3110,1416,1242
4138,3111,1416,908
4139,3112,1416,42
4140,3112,1416,1041
4141,3112,1258,908
4142,3112,1416,204
4143,3112,1416,908
4144,3112,1416,939
4145,3112,1416,744
4146,3113,1416,908
4147,3114,382,908
4148,3115,1416,180
4149,3116,1416,940
4150,3117,1416,239
4151,3118,1416,800
4152,3119,1416,782
4153,3119,1416,1343
4154,3120,545,908
4155,3121,1201,908
4156,3122,2051,908
4157,3123,1416,620
4158,3124,467,908
4159,3125,1416,1351
4160,3126,1651,908
4161,3127,1416,1233
4162,3128,1456,908
4163,3128,1226,908
4164,3129,451,908
4165,3130,1416,317
4166,3131,2070,908
4167,3132,638,908
4168,3133,1416,307
4169,3134,1416,908
4170,3135,844,908
4171,3135,1416,1414
4172,3136,1416,1019
4173,3137,1715,908
4174,3138,149,908
4175,3138,1416,184
4176,3139,427,908
4177,3140,1416,908
4178,3141,1416,188
4179,3142,68,908
4180,3143,1642,908
4181,3144,1416,221
4182,3145,1416,909
4183,3145,1416,552
4184,3146,1126,908
4185,3147,722,908
4186,3148,1416,908
4187,3149,791,908
4188,3150,1265,908
4189,3151,1416,908
4190,3152,1439,908
4191,3153,589,908
4192,3154,1020,908
4193,3155,1367,908
4194,3155,1987,908
4195,3155,1416,1444
4196,3156,1865,908
4197,3157,1198,908
4198,3158,2146,908
4199,3158,1217,908
4200,3159,1416,1063
4201,3160,1287,908
4202,3161,1369,908
4203,3162,1416,1494
4204,3163,2172,908
4205,3164,668,908
4206,3164,447,908
4207,3165,1416,536
4208,3166,1416,1403
4209,3166,1079,908
4210,3166,1362,908
4211,3166,1416,269
4212,3166,1634,908
4213,3166,1936,908
4214,3166,1900,908
4215,3166,915,908
4216,3166,1783,908
4217,3167,1135,908
4218,3168,1416,908
4219,3168,1416,1198
4220,3168,1395,908
4221,3168,1416,953
4222,3169,1416,922
4223,3170,1416,170
4224,3170,2119,908
4225,3170,372,908
4226,3171,1416,908
4227,3172,1631,908
4228,3173,1416,1259
4229,3174,1416,877
4230,3175,1416,1078
4231,3176,1416,32
4232,3177,173,908
4233,3178,2155,908
4234,3179,1416,976
4235,3179,1594,908
4236,3179,1416,908
4237,3180,1343,908
4238,3181,755,908
4239,3182,1416,1197
4240,3183,259,908
4241,3184,1416,1137
4242,3185,1416,934
4243,3186,1416,1569
4244,3187,1266,908
4245,3188,136,908
4246,3189,1252,908
4247,3190,1416,908
4248,3190,289,908
4249,3191,416,908
4250,3192,1589,908
4251,3193,1465,908
4252,3194,487,908
4253,3195,1121,908
4254,3196,1416,164
4255,3197,1565,908
4256,3198,92,908
4257,3199,1416,1587
4258,3200,1416,149
4259,3201,1605,908
4260,3202,1416,577
4261,3202,237,908
4262,3202,350,908
4263,3202,1422,908
4264,3203,1365,908
4265,3204,1416,908
4266,3205,1416,908
4267,3206,2191,908
4268,3207,383,908
4269,3208,1114,908
4270,3209,1416,392
4271,3210,1416,594
4272,3211,643,908
4273,3212,1416,995
4274,3212,1416,71
4275,3212,1740,908
4276,3212,1593,908
4277,3212,837,908
4278,3212,1416,908
4279,3213,1416,1294
4280,3213,24,908
4281,3214,1416,557
4282,3214,1416,507
4283,3214,1979,908
4284,3215,1416,1248
4285,3216,1264,908
4286,3217,1416,1530
4287,3218,1096,908
4288,3219,1416,873
4289,3220,1416,275
4290,3221,759,908
4291,3222,1618,908
4292,3223,1775,908
4293,3223,1416,792
4294,3223,1641,908
4295,3224,661,908
4296,3225,1566,908
4297,3226,486,908
4298,3227,1416,908
4299,3228,1297,908
4300,3229,284,908
4301,3230,271,908
4302,3231,1671,908
4303,3232,678,908
4304,3232,1416,514
4305,3232,1416,908
4306,3232,1036,908
4307,3232,1416,750
4308,3232,1416,248
4309,3232,1416,602
4310,3232,2199,908
4311,3233,1416,908
4312,3234,187,908
4313,3235,1416,1274
4314,3236,2066,908
4315,3237,1416,908
4316,3238,1416,1213
4317,3239,1416,1465
4318,3240,1403,908
4319,3241,1416,90
4320,3242,1340,908
4321,3243,1416,1287
4322,3244,1396,908
4323,3245,939,908
4324,3246,1503,908
4325,3247,1981,908
4326,3248,1416,310
4327,3249,1416,1474
4328,3250,1750,908
4329,3251,1416,175
4330,3252,1416,1418
4331,3252,1416,740
4332,3253,1416,872
4333,3253,1416,637
4334,3253,1571,908
4335,3254,1416,164
4336,3254,863,908
4337,3254,778,908
4338,3255,2129,908
4339,3256,1416,61
4340,3257,1331,908
4341,3258,2060,908
4342,3259,1416,31
4343,3260,1416,1543
4344,3261,1131,908
4345,3262,1416,1253
4346,3263,919,908
4347,3264,1832,908
4348,3265,391,908
4349,3265,876,908
4350,3265,407,908
4351,3265,1839,908
4352,3266,1416,1240
4353,3267,1416,49
4354,3267,1416,1111
4355,3268,1416,344
4356,3269,626,908
4357,3270,2167,908
4358,3270,1519,908
4359,3270,1416,856
4360,3271,312,908
4361,3272,2209,908
4362,3273,1416,1219
4363,3274,2132,908
4364,3275,45,908
4365,3275,1416,908
4366,3275,1497,908
4367,3276,992,908
4368,3277,239,908
4369,3278,1416,908
4370,3279,1416,908
4371,3280,1416,908
4372,3281,1416,1543
4373,3282,1416,908
4374,3283,1416,908
4375,3284,1305,908
4376,3285,1014,908
4377,3286,1416,1422
4378,3286,905,908
4379,3286,1416,938
4380,3287,792,908
4381,3288,1416,1489
4382,3289,971,908
4383,3290,1416,485
4384,3291,883,908
4385,3292,1416,719
4386,3293,1416,1383
4387,3294,1416,415
4388,3295,1416,1299
4389,3296,1530,908
4390,3297,1416,908
4391,3298,1490,908
4392,3298,742,908
4393,3298,1416,235
4394,3299,1416,690
4395,3300,2233,908
4396,3300,2242,908
4397,3301,1416,104
4398,3301,1416,91
4399,3302,1416,1447
4400,3303,1416,1251
4401,3304,429,908
4402,3305,1416,280
4403,3306,2002,908
4404,3306,78,908
4405,3307,1416,1152
4406,3308,100,908
4407,3308,1438,908
4408,3309,495,908
4409,3310,1754,908
4410,3311,1416,908
4411,3311,583,908
4412,3311,582,908
4413,3311,933,908
4414,3312,226,908
4415,3313,1909,908
4416,3314,2078,908
4417,3315,254,908
4418,3316,1797,908
4419,3317,1416,749
4420,3317,1113,908
4421,3317,972,908
4422,3317,1416,412
4423,3318,287,908
4424,3319,169,908
4425,3320,1563,908
4426,3320,1993,908
4427,3320,1185,908
4428,3320,264,908
4429,3320,1074,908
4430,3320,694,908
4431,3321,333,908
4432,3322,71,908
4433,3323,779,908
4434,3324,1416,389
4435,3324,1416,97
4436,3325,1416,1055
4437,3326,1177,908
4438,3327,1416,1592
4439,3327,1478,908
4440,3327,1157,908
4441,3327,1416,908
4442,3327,1416,948
4443,3328,1752,908
4444,3328,690,908
4445,3329,1416,841
4446,3330,1416,908
4447,3331,1416,866
4448,3332,1416,477
4449,3333,1416,1525
4450,3334,650,908
4451,3334,1416,908
4452,3335,181,908
4453,3336,1416,908
4454,3337,1416,1353
4455,3338,1318,908
4456,3339,1416,1305
4457,3339,39,908
4458,3340,1416,1144
4459,3341,1416,1540
4460,3342,1416,1481
4461,3342,1401,908
4462,3343,1416,1036
4463,3344,1349,908
4464,3345,1959,908
4465,3345,1679,908
4466,3346,86,908
4467,3347,1416,1440
4468,3348,1416,908
4469,3349,1416,378
4470,3350,1421,908
4471,3351,1416,1311
4472,3352,1373,908
4473,3353,1416,402
4474,3354,466,908
4475,3355,1416,1130
4476,3355,1416,220
4477,3355,1416,1432
4478,3356,2140,908
4479,3357,1643,908
4480,3358,1416,729
4481,3359,714,908
4482,3360,1416,1431
4483,3361,806,908
4484,3361,1541,908
4485,3362,1416,237
4486,3362,1416,773
4487,3362,1416,908
4488,3362,1416,572
4489,3362,1843,908
4490,3362,1416,1515
4491,3362,1416,822
4492,3362,1098,908
4493,3363,1416,1015
4494,3363,1416,743
4495,3364,1416,596
4496,3365,1241,908
4497,3366,540,908
4498,3367,1416,1309
4499,3367,1141,908
4500,3367,1416,716
4501,3367,1416,908
4502,3367,1627,908
4503,3367,1416,291
4504,3367,386,908
4505,3367,849,908
4506,3367,2101,908
4507,3368,1416,917
4508,3369,1450,908
4509,3370,1416,213
4510,3371,1915,908
4511,3372,1416,2
4512,3372,2027,908
4513,3373,1416,895
4514,3374,1075,908
4515,3375,1275,908
4516,3376,1416,907
4517,3377,1956,908
4518,3378,185,908
4519,3379,2044,908
4520,3379,1273,908
4521,3380,1048,908
4522,3381,627,908
4523,3382,2211,908
4524,3383,220,908
4525,3383,1400,908
4526,3383,1416,908
4527,3384,2102,908
4528,3384,1416,908
4529,3384,1009,908
4530,3384,1416,1329
4531,3384,1344,908
4532,3385,1416,770
4533,3386,1416,815
4534,3387,1416,1558
4535,3388,502,908
4536,3389,1787,908
4537,3390,1848,908
4538,3390,893,908
4539,3391,644,908
4540,3392,1416,905
4541,3392,1416,1067
4542,3392,2075,908
4543,3393,1414,908
4544,3393,1416,465
4545,3393,2169,908
4546,3393,1416,326
4547,3394,2221,908
4548,3395,1681,908
4549,3396,1604,908
4550,3397,1416,329
4551,3398,1416,418
4552,3399,559,908
4553,3400,1416,1410
4554,3401,1416,1508
4555,3401,147,908
4556,3402,1178,908
4557,3403,1416,1280
4558,3404,1425,908
4559,3405,1416,374
4560,3406,403,908
4561,3407,1416,1187
4562,3408,859,908
4563,3408,1416,154
4564,3409,1416,1134
4565,3410,1416,692
4566,3411,1129,908
4567,3412,762,908
4568,3413,1416,908
4569,3413,707,908
4570,3414,1416,908
4571,3415,1416,1279
4572,3416,1416,1087
4573,3417,1416,666
4574,3417,1416,1531
4575,3418,52,908
4576,3419,1366,908
4577,3420,1416,36
4578,3421,1850,908
4579,3422,1416,908
4580,3423,1239,908
4581,3424,1416,1295
4582,3425,2152,908
4583,3425,2173,908
4584,3425,1416,978
4585,3426,1416,908
4586,3427,1547,908
4587,3428,1416,820
4588,3429,430,908
4589,3430,1339,908
4590,3431,1416,908
4591,3432,9,908
4592,3433,1416,908
4593,3434,1053,908
4594,3435,654,908
4595,3436,1416,454
4596,3437,1971,908
4597,3438,1416,1478
4598,3439,1416,1116
4599,3440,1416,1141
4600,3441,1416,941
4601,3442,1416,1186
4602,3443,104,908
4603,3443,1416,698
4604,3443,1416,669
4605,3443,1416,268
4606,3444,1402,908
4607,3445,1416,1020
4608,3445,1416,858
4609,3446,1416,568
4610,3447,1416,452
4611,3448,1637,908
4612,3449,1008,908
4613,3450,289,908
4614,3451,856,908
4615,3451,1552,908
4616,3451,2007,908
4617,3452,827,908
4618,3453,1416,908
4619,3454,1416,908
4620,3455,1416,508
4621,3456,353,908
4622,3456,1416,908
4623,3456,1416,256
4624,3456,1416,725
4625,3457,1416,908
4626,3458,1416,733
4627,3459,837,908
4628,3459,29,908
4629,3459,2218,908
4630,3459,226,908
4631,3459,1416,1421
4632,3459,313,908
4633,3459,1416,1031
4634,3459,925,908
4635,3459,2000,908
4636,3459,1416,1338
4637,3459,455,908
4638,3459,395,908
4639,3459,94,908
4640,3459,1973,908
4641,3460,1416,908
4642,3461,1869,908
4643,3462,1416,908
4644,3463,1416,647
4645,3464,997,908
4646,3465,1416,788
4647,3466,1416,550
4648,3467,1416,908
4649,3468,1416,908
4650,3469,1416,1516
4651,3470,1416,908
4652,3471,1118,908
4653,3471,909,908
4654,3472,319,908
4655,3473,535,908
4656,3474,1757,908
4657,3475,1842,908
4658,3475,2118,908
4659,3476,1416,908
4660,3477,1416,479
4661,3478,1416,908
4662,3479,1416,762
4663,3480,962,908
4664,3480,757,908
4665,3481,1416,410
4666,3482,1416,301
4667,3483,1356,908
4668,3483,500,908
4669,3483,441,908
4670,3483,615,908
4671,3483,1581,908
4672,3484,1416,952
4673,3485,2183,908
4674,3485,1416,1056
4675,3486,1416,707
4676,3486,1416,737
4677,3487,208,908
4678,3488,898,908
4679,3489,1279,908
4680,3490,1416,908
4681,3491,1416,371
4682,3492,1647,908
4683,3493,373,908
4684,3494,1416,57
4685,3495,1854,908
4686,3496,1416,859
4687,3497,1416,1175
4688,3498,1925,908
4689,3499,1416,908
4690,3500,324,908
4691,3501,1763,908
4692,3502,1622,908
4693,3503,1416,1401
4694,3504,1416,908
4695,3505,1416,367
4696,3506,1341,908
4697,3507,1416,908
4698,3508,1416,16
4699,3509,1416,777
4700,3510,550,908
4701,3511,315,908
4702,3512,2217,908
4703,3513,1158,908
4704,3514,1795,908
4705,3515,1416,908
4706,3516,1416,1265
4707,3517,2021,908
4708,3518,1416,1324
4709,3519,1416,417
4710,3520,2089,908
4711,3520,1416,908
4712,3520,1653,908
4713,3521,728,908
4714,3522,577,908
4715,3523,1682,908
4716,3524,1912,908
4717,3525,1889,908
4718,3526,1185,908
4719,3527,77,908
4720,3528,381,908
4721,3529,1416,908
4722,3530,1561,908
4723,3531,2252,908
4724,3532,1416,908
4725,3533,1912,908
4726,3534,1416,661
4727,3535,127,908
4728,3536,1416,1334
4729,3537,1416,93
4730,3538,1416,908
4731,3539,1416,1005
4732,3540,673,908
4733,3541,1416,53
4734,3542,497,908
4735,3543,1697,908
4736,3544,1416,113
4737,3545,1810,908
4738,3545,1416,1552
4739,3546,2009,908
4740,3547,1416,845
4741,3548,1416,881
4742,3549,1416,112
4743,3549,1416,1586
4744,3550,1295,908
4745,3550,1416,382
4746,3550,1416,1258
4747,3550,331,908
4748,3551,1416,444
4749,3552,1416,738
4750,3553,1336,908
4751,3553,1003,908
4752,3554,1416,1339
4753,3555,1416,783
4754,3556,1482,908
4755,3557,1416,908
4756,3558,1736,908
4757,3559,1416,187
4758,3560,1416,1090
4759,3561,1416,1115
4760,3562,1038,908
4761,3562,1416,1534
4762,3562,1416,908
4763,3563,1416,1106
4764,3564,882,908
4765,3565,802,908
4766,3566,1416,365
4767,3567,1416,1347
4768,3568,1007,908
4769,3569,1416,537
4770,3570,1416,1051
4771,3571,1416,264
4772,3572,1416,1570
4773,3573,1416,1574
4774,3574,1416,1008
4775,3575,1416,63
